id,name,selling_price,year,seller_type,owner,km_driven,ex_showroom_price,precio_senati,cuota_mensual
1,Royal Enfield Classic 350,175000,2019,Individual,1st owner,350,,157500,7612
2,Honda Dio,45000,2017,Individual,1st owner,5650,,40500,1957
3,Royal Enfield Classic Gunmetal Grey,150000,2018,Individual,1st owner,12000,148114.0,135000,6525
4,Yamaha Fazer FI V 2.0 [2016-2018],65000,2015,Individual,1st owner,23000,89643.0,58500,2827
5,Yamaha SZ [2013-2014],20000,2011,Individual,2nd owner,21000,,18000,870
6,Honda CB Twister,18000,2010,Individual,1st owner,60000,53857.0,16200,783
7,Honda CB Hornet 160R,78500,2018,Individual,1st owner,17000,87719.0,70650,3414
8,Royal Enfield Bullet 350 [2007-2011],180000,2008,Individual,2nd owner,39000,,162000,7830
9,Hero Honda CBZ extreme,30000,2010,Individual,1st owner,32000,,27000,1305
10,Bajaj Discover 125,50000,2016,Individual,1st owner,42000,60122.0,45000,2175
11,Yamaha FZ16,35000,2015,Individual,1st owner,32000,78712.0,31500,1522
12,Honda Navi,28000,2016,Individual,2nd owner,10000,47255.0,25200,1218
13,Bajaj Avenger Street 220,80000,2018,Individual,1st owner,21178,95955.0,72000,3480
14,Yamaha YZF R3,365000,2019,Individual,1st owner,1127,351680.0,328500,15877
15,Jawa 42,185000,2020,Individual,1st owner,1700,,166500,8047
16,Suzuki Access 125 [2007-2016],25000,2012,Individual,1st owner,55000,58314.0,22500,1087
17,Hero Honda Glamour,25000,2006,Individual,1st owner,27000,,22500,1087
18,Yamaha YZF R15 S,40000,2010,Individual,2nd owner,45000,117926.0,36000,1740
19,Royal Enfield Classic Gunmetal Grey,150000,2018,Individual,1st owner,23000,148114.0,135000,6525
20,Yamaha FZ25,120000,2018,Individual,1st owner,39000,132680.0,108000,5220
21,Hero Passion Pro 110,15000,2008,Individual,1st owner,60000,,13500,652
22,Honda Navi [2016-2017],26000,2016,Individual,1st owner,17450,44389.0,23400,1131
23,Honda Activa i,32000,2013,Individual,2nd owner,20696,53900.0,28800,1392
24,Jawa Standard,180000,2019,Individual,1st owner,2000,,162000,7830
25,Royal Enfield Thunderbird 350,110000,2016,Individual,1st owner,20000,,99000,4785
26,Honda Dream Yuga,25000,2012,Individual,1st owner,35000,56147.0,22500,1087
27,TVS Apache RTR 160 4V,80000,2018,Individual,1st owner,15210,,72000,3480
28,Honda Navi [2016-2017],42000,2017,Individual,1st owner,24000,44389.0,37800,1827
29,Yamaha Fazer [2009-2016],40000,2013,Individual,3rd owner,35000,84751.0,36000,1740
30,Hero Honda Splendor NXG,21000,2009,Individual,1st owner,10000,,18900,913
31,Hero Glamour 125,55000,2017,Individual,1st owner,2500,61600.0,49500,2392
32,Yamaha FZ S [2012-2016],38000,2013,Individual,1st owner,75000,79432.0,34200,1653
33,Hero Xtreme Sports,43000,2016,Individual,2nd owner,50000,78350.0,38700,1870
34,Honda X-Blade,65000,2018,Individual,1st owner,27000,,58500,2827
35,Honda CB Shine SP,62000,2019,Individual,1st owner,10000,71049.0,55800,2697
36,Honda Activa 5G,60000,2018,Individual,1st owner,6502,57557.0,54000,2610
37,Hero Glamour 125,45000,2018,Individual,1st owner,21000,61600.0,40500,1957
38,Honda CBR-250R,120000,2016,Individual,1st owner,16000,202310.0,108000,5220
39,Hero Honda Passion PRO [2012],30000,2011,Individual,1st owner,42000,,27000,1305
40,Royal Enfield Thunderbird 350,90000,2015,Individual,3rd owner,13000,,81000,3915
41,Bajaj Dominar 400,125000,2017,Individual,1st owner,12800,,112500,5437
42,Hero Glamour FI,50000,2018,Individual,1st owner,20000,71150.0,45000,2175
43,KTM 390 Duke,175000,2017,Individual,1st owner,4600,,157500,7612
44,Hero Passion XPro,28000,2012,Individual,1st owner,81000,56750.0,25200,1218
45,Yamaha FZ S V 2.0,85000,2018,Individual,1st owner,8000,84042.0,76500,3697
46,Hero Achiever 150,29900,2016,Individual,1st owner,55000,69750.0,26910,1300
47,Bajaj Discover 125,25000,2011,Individual,1st owner,57000,60122.0,22500,1087
48,Yamaha FZ16,30000,2009,Individual,2nd owner,26000,78712.0,27000,1305
49,Yamaha Saluto,60000,2018,Individual,1st owner,13000,59844.0,54000,2610
50,Yamaha FZ16,35000,2012,Individual,2nd owner,29000,78712.0,31500,1522
51,Bajaj Discover 100,25000,2010,Individual,1st owner,43000,42859.0,22500,1087
52,Honda CB Trigger,30000,2015,Individual,1st owner,40000,73413.0,27000,1305
53,Royal Enfield Electra 5 S,90000,2010,Individual,2nd owner,40000,,81000,3915
54,Hero Splendor PRO,35000,2015,Individual,2nd owner,24000,49900.0,31500,1522
55,Honda Activa 5G,70000,2019,Individual,1st owner,3000,59422.0,63000,3045
56,Hero Honda Passion Plus,25000,2006,Individual,1st owner,75000,,22500,1087
57,Bajaj Pulsar 150,25000,2010,Individual,1st owner,42000,,22500,1087
58,Royal Enfield Bullet 350,90000,2014,Individual,1st owner,13000,,81000,3915
59,Bajaj Discover 125,25000,2013,Individual,1st owner,55000,57549.0,22500,1087
60,Bajaj Pulsar 150 [2001-2011],42000,2011,Individual,1st owner,23000,,37800,1827
61,Hero Splendor PRO,35000,2015,Individual,2nd owner,24000,51994.0,31500,1522
62,Hero Xtreme Sports,50000,2014,Individual,1st owner,80000,80350.0,45000,2175
63,Honda Activa 3G,30000,2015,Individual,1st owner,39000,54605.0,27000,1305
64,Yamaha FZ16,48000,2016,Individual,1st owner,20000,78712.0,43200,2088
65,Honda CB Hornet 160R,65000,2016,Individual,1st owner,30000,88161.0,58500,2827
66,Royal Enfield Thunderbird 350,85000,2013,Individual,1st owner,21000,,76500,3697
67,Hero Hunk,45000,2014,Individual,1st owner,41000,78513.0,40500,1957
68,Suzuki Let''s,34000,2014,Individual,1st owner,8000,50098.0,30600,1479
69,Royal Enfield Electra 4 S,90000,2008,Individual,1st owner,50000,,81000,3915
70,TVS Scooty Pep Plus,35000,2012,Individual,1st owner,8150,,31500,1522
71,Mahindra Mojo XT300,165000,2017,Individual,1st owner,1933,195500.0,148500,7177
72,TVS Apache RTR 160,35000,2013,Individual,1st owner,55750,,31500,1522
73,Bajaj Pulsar AS200,65000,2015,Individual,1st owner,15856,92074.0,58500,2827
74,Bajaj Pulsar 150,29500,2013,Individual,1st owner,27000,,26550,1283
75,Royal Enfield Thunderbird 350X,165000,2019,Individual,1st owner,3700,164004.0,148500,7177
76,Suzuki Intruder 150,95000,2018,Individual,1st owner,21938,,85500,4132
77,Hero Honda Karizma ZMR [2010],50000,2010,Individual,1st owner,48000,,45000,2175
78,Honda Dio,7500,2009,Individual,2nd owner,16000,,6750,326
79,Bajaj Xcd,25000,2008,Individual,1st owner,54000,,22500,1087
80,Hero Splendor Plus,35000,2014,Individual,2nd owner,35000,,31500,1522
81,Royal Enfield Thunderbird 350X,160000,2018,Individual,1st owner,15000,,144000,6960
82,Honda CB Unicorn 150,50000,2014,Individual,1st owner,32000,74295.0,45000,2175
83,Honda Activa 5G,62000,2019,Individual,1st owner,3500,57557.0,55800,2697
84,Honda CB Twister,30000,2013,Individual,1st owner,9000,53857.0,27000,1305
85,Hero Splendor PRO,28000,2015,Individual,1st owner,38000,49642.0,25200,1218
86,Hero Honda CD Deluxe,25000,2009,Individual,1st owner,50000,,22500,1087
87,Honda Activa i [2016-2017],30000,2015,Individual,2nd owner,20000,51112.0,27000,1305
88,Royal Enfield Classic Gunmetal Grey,140000,2018,Individual,1st owner,22000,148114.0,126000,6090
89,TVS Scooty Zest 110,30000,2017,Individual,1st owner,9432,53751.0,27000,1305
90,Hero CD Deluxe,25000,2014,Individual,1st owner,70000,,22500,1087
91,Suzuki Access 125 [2007-2016],22000,2010,Individual,2nd owner,43000,58314.0,19800,957
92,Honda Activa [2000-2015],22989,2012,Individual,1st owner,500000,50267.0,20690,1000
93,Honda Activa 125 [2016-2017],42000,2016,Individual,1st owner,30514,61653.0,37800,1827
94,Suzuki GS150R,30000,2010,Individual,1st owner,130000,70851.0,27000,1305
95,Bajaj Pulsar 220S,55000,2015,Individual,1st owner,45000,,49500,2392
96,Honda Activa 4G,45000,2018,Individual,1st owner,25000,53079.0,40500,1957
97,Yamaha FZ25,150000,2019,Individual,1st owner,2500,133680.0,135000,6525
98,Bajaj Pulsar 150,42000,2015,Individual,1st owner,22770,,37800,1827
99,Hero Splendor Plus,30000,2015,Individual,1st owner,30000,,27000,1305
100,Bajaj Discover 100,24999,2012,Individual,2nd owner,35000,42859.0,22499,1087
101,Royal Enfield Thunderbird 350X,160000,2019,Individual,1st owner,6330,,144000,6960
102,Royal Enfield Classic 350,175000,2020,Individual,1st owner,500,,157500,7612
103,Bajaj Pulsar 150,40000,2013,Individual,1st owner,43400,,36000,1740
104,Bajaj Pulsar NS160,85000,2018,Individual,1st owner,7004,,76500,3697
105,Royal Enfield Classic Desert Storm,150000,2017,Individual,1st owner,16500,181445.0,135000,6525
106,Suzuki Gixxer SF,80000,2018,Individual,1st owner,12500,,72000,3480
107,TVS Apache RTR 200 4V,95000,2018,Individual,1st owner,9600,,85500,4132
108,Bajaj V15,42000,2016,Individual,1st owner,35000,65626.0,37800,1827
109,TVS XL 100 Heavy Duty,40000,2019,Individual,1st owner,11000,,36000,1740
110,Yamaha FZ S V 2.0,50000,2015,Individual,1st owner,20000,84042.0,45000,2175
111,Hero HF Deluxe,40000,2018,Individual,1st owner,13000,,36000,1740
112,Aprilia SR 125,75000,2019,Individual,1st owner,3500,,67500,3262
113,Yamaha FZ25,120000,2017,Individual,1st owner,9000,132680.0,108000,5220
114,Hero Honda Glamour,30000,2008,Individual,1st owner,7500,,27000,1305
115,Bajaj Discover 125 ST,17500,2013,Individual,1st owner,38000,58438.0,15750,761
116,Hero Honda Passion Plus,7500,2004,Individual,1st owner,120000,,6750,326
117,Honda Aviator,57000,2018,Individual,1st owner,6465,61118.0,51300,2479
118,Vespa SXL 149,80000,2018,Individual,1st owner,18803,,72000,3480
119,TVS Scooty Pep Plus,18000,2010,Individual,1st owner,20000,,16200,783
120,Hero Xtreme [2013-2014],25000,2013,Individual,1st owner,24000,75936.0,22500,1087
121,Royal Enfield Thunderbird 350,83900,2014,Individual,2nd owner,22000,,75510,3649
122,UM Renegade Commando,160000,2018,Individual,1st owner,7000,180525.0,144000,6960
123,Royal Enfield Classic Gunmetal Grey,135000,2018,Individual,1st owner,6100,148114.0,121500,5872
124,Honda CB Hornet 160R,55000,2017,Individual,1st owner,14000,87543.0,49500,2392
125,Honda Shine,50000,2017,Individual,1st owner,23000,,45000,2175
126,Bajaj Discover 100,20000,2012,Individual,1st owner,85000,42859.0,18000,870
127,Hero Honda CBZ extreme,25000,2010,Individual,1st owner,40000,,22500,1087
128,Royal Enfield Classic 350,125000,2017,Individual,1st owner,18000,,112500,5437
129,Honda Activa 5G,55000,2019,Individual,1st owner,10000,57557.0,49500,2392
130,Bajaj Avenger Street 150 [2018],50000,2016,Individual,1st owner,40000,80435.0,45000,2175
131,Royal Enfield Continental GT 650,299000,2019,Individual,1st owner,1500,,269100,13006
132,Honda Activa 3G,60000,2015,Individual,1st owner,30000,54605.0,54000,2610
133,Honda Activa 3G,40000,2015,Individual,1st owner,3000,54605.0,36000,1740
134,Bajaj Pulsar 180,15000,2008,Individual,1st owner,55000,85011.0,13500,652
135,Harley-Davidson Street Bob,750000,2013,Individual,2nd owner,12000,1278000.0,675000,32625
136,Hero Honda CBZ extreme,20000,2007,Individual,1st owner,90000,,18000,870
137,Royal Enfield Classic Gunmetal Grey,190000,2020,Individual,1st owner,500,155740.0,171000,8265
138,KTM 390 Duke ABS [2013-2016],130000,2015,Individual,1st owner,50000,202127.0,117000,5655
139,Honda CB Hornet 160R,54786,2016,Individual,1st owner,25000,88161.0,49307,2383
140,KTM 200 Duke,72000,2013,Individual,1st owner,36500,,64800,3132
141,Hero Karizma 2014,35000,2013,Individual,1st owner,26000,86744.0,31500,1522
142,Hero Glamour 125,45000,2017,Individual,1st owner,18000,61600.0,40500,1957
143,Royal Enfield Classic 350,85000,2013,Individual,1st owner,49000,,76500,3697
144,Royal Enfield Classic 500,100000,2013,Individual,1st owner,18000,156304.0,90000,4350
145,Bajaj Dominar 400,138000,2017,Individual,1st owner,15000,,124200,6003
146,Royal Enfield Thunderbird 350X,150000,2018,Individual,1st owner,8500,,135000,6525
147,KTM RC 390,180000,2017,Individual,1st owner,3775,,162000,7830
148,Royal Enfield Thunderbird 350,100000,2015,Individual,1st owner,14500,,90000,4350
149,Hero Hunk,20000,2010,Individual,1st owner,35000,78513.0,18000,870
150,KTM 390 Duke,170000,2017,Individual,1st owner,14000,,153000,7395
151,Suzuki Gixxer [2014-2018],60000,2016,Individual,1st owner,16000,84246.0,54000,2610
152,Royal Enfield Bullet 350,123000,2016,Individual,1st owner,7000,,110700,5350
153,Suzuki Access 125,60000,2017,Individual,1st owner,4000,,54000,2610
154,TVS Apache RTR 200 4V,100000,2017,Individual,1st owner,45000,,90000,4350
155,Hero Xtreme Sports,22000,2014,Individual,1st owner,99000,78350.0,19800,957
156,Honda Activa [2000-2015],30000,2014,Individual,1st owner,52000,50267.0,27000,1305
157,Bajaj Discover 125,28000,2013,Individual,1st owner,45000,60122.0,25200,1218
158,Bajaj Pulsar 150,50000,2007,Individual,1st owner,52000,,45000,2175
159,Yamaha Saluto RX,40000,2017,Individual,1st owner,27000,49521.0,36000,1740
160,Hero HF Deluxe,43000,2018,Individual,1st owner,60000,,38700,1870
161,Suzuki Access 125,40000,2015,Individual,1st owner,2300,,36000,1740
162,Royal Enfield Classic Desert Storm,100000,2012,Individual,1st owner,15000,181445.0,90000,4350
163,Hero HF Deluxe,30000,2016,Individual,1st owner,50000,,27000,1305
164,KTM RC 200,130000,2017,Individual,1st owner,27000,,117000,5655
165,Honda CB Hornet 160R,48000,2016,Individual,2nd owner,25000,88161.0,43200,2088
166,Bajaj CT 100,32000,2017,Individual,1st owner,40000,,28800,1392
167,Hero Honda Pleasure,23000,2010,Individual,1st owner,32000,,20700,1000
168,Bajaj Pulsar 135 LS,20000,2010,Individual,2nd owner,50000,64589.0,18000,870
169,Royal Enfield Classic 350,125000,2017,Individual,1st owner,36000,,112500,5437
170,Honda Navi [2016-2017],23000,2016,Individual,1st owner,17450,44389.0,20700,1000
171,Bajaj Discover 125,15000,2011,Individual,1st owner,32000,57549.0,13500,652
172,Yamaha SZ RR V 2.0,35000,2015,Individual,1st owner,38000,69983.0,31500,1522
173,Bajaj Discover 150,25000,2014,Individual,2nd owner,71000,54299.0,22500,1087
174,Bajaj Pulsar 150,80000,2019,Individual,1st owner,8000,,72000,3480
175,TVS Flame,15000,2010,Individual,1st owner,12000,,13500,652
176,Vespa VX 125,45000,2013,Individual,2nd owner,50000,72303.0,40500,1957
177,Yamaha SZ X,25000,2012,Individual,2nd owner,30000,65800.0,22500,1087
178,Honda CBF Stunner,35000,2013,Individual,1st owner,15888,58757.0,31500,1522
179,Bajaj Discover 100 T,25000,2013,Individual,1st owner,26000,47032.0,22500,1087
180,Royal Enfield Classic 350,170000,2018,Individual,1st owner,5600,,153000,7395
181,Honda Activa [2000-2015],25000,2014,Individual,1st owner,41000,50267.0,22500,1087
182,Royal Enfield Electra 5 S,60000,2007,Individual,2nd owner,19612,,54000,2610
183,Bajaj Pulsar 150,41000,2012,Individual,1st owner,17000,,36900,1783
184,Honda Shine,35000,2012,Individual,1st owner,33700,,31500,1522
185,Honda CB Unicorn 160,75000,2015,Individual,1st owner,100000,79233.0,67500,3262
186,Honda Activa 3G,47999,2016,Individual,1st owner,6000,54605.0,43199,2087
187,Honda Shine,36999,2011,Individual,1st owner,21000,,33299,1609
188,Bajaj Pulsar 180,25000,2007,Individual,1st owner,80000,85011.0,22500,1087
189,Suzuki Gixxer SF,60000,2016,Individual,1st owner,15000,,54000,2610
190,Honda CB Unicorn 150,50000,2007,Individual,1st owner,46000,74295.0,45000,2175
191,Yamaha YZF R15 [2011-2018],65000,2013,Individual,1st owner,11000,118997.0,58500,2827
192,TVS Sport,12000,2007,Individual,1st owner,72000,,10800,522
193,Bajaj Pulsar AS200,60000,2015,Individual,1st owner,50000,92074.0,54000,2610
194,Honda Activa [2000-2015],20000,2010,Individual,1st owner,50000,50267.0,18000,870
195,Yamaha FZ16,27000,2011,Individual,1st owner,67000,78712.0,24300,1174
196,Bajaj Boxer,10000,2000,Individual,1st owner,30000,,9000,435
197,Hero Honda Hunk,56000,2015,Individual,1st owner,48000,,50400,2436
198,Hero Honda Hunk,58000,2015,Individual,1st owner,48000,,52200,2523
199,Bajaj Avenger Cruise 220,87000,2018,Individual,1st owner,8000,,78300,3784
200,Yamaha Ray Z,35000,2015,Individual,1st owner,15500,52949.0,31500,1522
201,Bajaj Pulsar 180,35000,2012,Individual,1st owner,45000,85011.0,31500,1522
202,Bajaj Discover 150F,40000,2014,Individual,2nd owner,60855,64071.0,36000,1740
203,Bajaj Pulsar 135 LS,56000,2017,Individual,3rd owner,37714,64589.0,50400,2436
204,Bajaj Pulsar 180,30000,2008,Individual,2nd owner,60000,85011.0,27000,1305
205,Honda Activa 125 [2016-2017],40000,2017,Individual,1st owner,26000,61545.0,36000,1740
206,Hero HF Deluxe,60000,2019,Individual,1st owner,6000,,54000,2610
207,Hero Karizma 2014,40000,2013,Individual,1st owner,30000,86744.0,36000,1740
208,Bajaj Platina 100,40000,2018,Individual,1st owner,17000,,36000,1740
209,Royal Enfield Bullet 500,130000,2015,Individual,1st owner,34601,168482.0,117000,5655
210,Bajaj Pulsar AS200,45000,2015,Individual,1st owner,48000,92074.0,40500,1957
211,Yamaha FZ S [2012-2016],42000,2013,Individual,1st owner,60000,79432.0,37800,1827
212,Bajaj Pulsar 220 Fi,25000,2012,Individual,1st owner,44000,,22500,1087
213,Bajaj Pulsar 150,15000,2006,Individual,1st owner,55000,,13500,652
214,Bajaj Dominar 400 [2018],170000,2018,Individual,1st owner,16000,163331.0,153000,7395
215,Hero Passion X Pro [2016-2017],38000,2016,Individual,2nd owner,20000,59095.0,34200,1653
216,Yamaha FZ S V 2.0,60000,2015,Individual,2nd owner,17500,84042.0,54000,2610
217,TVS Apache RTR 160,65000,2017,Individual,1st owner,46000,,58500,2827
218,Bajaj Avenger [2015],35000,2011,Individual,1st owner,30000,75502.0,31500,1522
219,Bajaj Pulsar 150,70000,2019,Individual,1st owner,6500,,63000,3045
220,Hero Honda Glamour,15000,2006,Individual,1st owner,80000,,13500,652
221,Hero Splendor iSmart,50000,2017,Individual,2nd owner,10000,52271.0,45000,2175
222,Royal Enfield Classic 350,145000,2017,Individual,1st owner,2200,,130500,6307
223,Yamaha FZ16,25000,2008,Individual,1st owner,40000,78712.0,22500,1087
224,Hero Xtreme Sports,58000,2016,Individual,1st owner,21000,80350.0,52200,2523
225,Royal Enfield Bullet 350 [2007-2011],90000,2007,Individual,1st owner,3500,,81000,3915
226,Hero Honda Passion,9000,2002,Individual,2nd owner,66191,,8100,391
227,Bajaj Discover 150S,40000,2014,Individual,1st owner,50000,63331.0,36000,1740
228,TVS Scooty Zest 110,28000,2015,Individual,1st owner,32800,52372.0,25200,1218
229,Bajaj Avenger Street 150 [2018],50000,2016,Individual,1st owner,32000,80435.0,45000,2175
230,Yamaha Cygnus Ray ZR,56000,2019,Individual,1st owner,3900,58630.0,50400,2436
231,Honda Activa [2000-2015],35000,2014,Individual,1st owner,10000,50267.0,31500,1522
232,TVS Apache RTR 200 4V,95000,2018,Individual,1st owner,9600,,85500,4132
233,Honda Shine,30000,2010,Individual,1st owner,46782,,27000,1305
234,Honda CB Hornet 160R,95000,2019,Individual,1st owner,8000,94703.0,85500,4132
235,Honda Activa i [2016-2017],40000,2017,Individual,1st owner,11000,53436.0,36000,1740
236,Hero Karizma 2014,30000,2014,Individual,2nd owner,51000,86744.0,27000,1305
237,Bajaj Discover 100 T,18000,2013,Individual,1st owner,45000,47032.0,16200,783
238,Honda Aviator,14000,2008,Individual,1st owner,66000,59183.0,12600,609
239,Hero Splendor Plus,17000,2010,Individual,2nd owner,50000,,15300,739
240,Royal Enfield Thunderbird 350,125000,2017,Individual,1st owner,23500,,112500,5437
241,Bajaj CT 110,20000,2015,Individual,1st owner,25000,,18000,870
242,Hero Passion PRO i3s,50000,2017,Individual,1st owner,41000,56925.0,45000,2175
243,KTM RC 390,210000,2017,Individual,1st owner,12000,,189000,9135
244,Bajaj Pulsar 220F,70000,2018,Individual,1st owner,33000,,63000,3045
245,Hero Maestro Edge,40000,2017,Individual,1st owner,15000,55980.0,36000,1740
246,Bajaj Xcd,10000,2008,Individual,1st owner,50000,,9000,435
247,Bajaj Pulsar 150,35000,2010,Individual,1st owner,40000,,31500,1522
248,TVS Centra,10000,2005,Individual,1st owner,50000,,9000,435
249,Honda Activa 3G,42000,2015,Individual,1st owner,20000,54605.0,37800,1827
250,Yamaha FZ16,20000,2009,Individual,1st owner,50000,78712.0,18000,870
251,Hero Maestro Edge,25000,2017,Individual,1st owner,55000,52790.0,22500,1087
252,Bajaj Discover 125,25000,2016,Individual,1st owner,70350,60122.0,22500,1087
253,Royal Enfield Thunderbird 350X,145000,2019,Individual,1st owner,2700,164004.0,130500,6307
254,Hero Super Splendor,50000,2016,Individual,1st owner,20000,,45000,2175
255,TVS Scooty Pep Plus,30000,2011,Individual,1st owner,20000,,27000,1305
256,Yamaha FZ V 2.0,60000,2014,Individual,1st owner,41311,81508.0,54000,2610
257,Hero Honda Splendor Plus,15000,2005,Individual,1st owner,65000,,13500,652
258,Hero CD Deluxe,15000,2014,Individual,2nd owner,34000,,13500,652
259,Hero Honda Passion PRO [2012],25000,2011,Individual,1st owner,20000,,22500,1087
260,Hero HF Deluxe i3s,54000,2019,Individual,1st owner,11000,,48600,2349
261,Bajaj Xcd,25000,2007,Individual,1st owner,75000,,22500,1087
262,Royal Enfield Interceptor 650,260000,2019,Individual,1st owner,1200,,234000,11310
263,Honda CBR-250R,100000,2014,Individual,1st owner,19000,199275.0,90000,4350
264,Bajaj Kristal,15000,2007,Individual,1st owner,30000,,13500,652
265,Hero Honda Splendor Plus,20000,2006,Individual,1st owner,23000,,18000,870
266,Honda Dream Yuga,35000,2014,Individual,1st owner,10000,56147.0,31500,1522
267,Yamaha FZ S V 2.0,50000,2016,Individual,1st owner,40000,87042.0,45000,2175
268,Hero Xpulse 200,90000,2019,Individual,1st owner,8600,107500.0,81000,3915
269,Bajaj V15,40000,2016,Individual,1st owner,45000,67187.0,36000,1740
270,Bajaj Avenger Street 220,80000,2016,Individual,1st owner,7200,95955.0,72000,3480
271,Bajaj Discover 135,20000,2010,Individual,1st owner,31195,,18000,870
272,Honda CB Unicorn 150,70000,2017,Individual,1st owner,18000,74295.0,63000,3045
273,Vespa SXL 149,98000,2019,Individual,1st owner,1000,,88200,4263
274,Royal Enfield Machismo,75000,2008,Individual,2nd owner,17000,,67500,3262
275,Honda CB Shine SP,50000,2016,Individual,1st owner,46000,67214.0,45000,2175
276,Honda CB Unicorn 150,40000,2014,Individual,1st owner,77592,74295.0,36000,1740
277,Honda CB Unicorn 150,75000,2013,Individual,1st owner,54000,74295.0,67500,3262
278,Honda CB Unicorn 150,50000,2013,Individual,1st owner,17000,74295.0,45000,2175
279,Bajaj Pulsar 150,60000,2014,Individual,1st owner,60000,,54000,2610
280,TVS Apache RTR 160,50000,2016,Individual,1st owner,40000,,45000,2175
281,Honda Dio,35000,2014,Individual,1st owner,25000,,31500,1522
282,Royal Enfield Thunderbird 350,160000,2018,Individual,1st owner,19000,,144000,6960
283,Hero Maestro,25000,2015,Individual,2nd owner,40000,49412.0,22500,1087
284,Hero Honda CBZ extreme,42000,2010,Individual,1st owner,51000,,37800,1827
285,Bajaj Dominar 400,200000,2019,Individual,1st owner,7600,,180000,8700
286,Honda Activa 125,40000,2014,Individual,1st owner,14965,,36000,1740
287,Royal Enfield Classic Desert Storm,130000,2015,Individual,2nd owner,25000,181445.0,117000,5655
288,KTM 250 Duke,195000,2019,Individual,1st owner,6000,,175500,8482
289,KTM RC 390,270000,2019,Individual,1st owner,2380,,243000,11745
290,Kawasaki Ninja 650 [2018-2019],425000,2017,Individual,2nd owner,13600,599000.0,382500,18487
291,TVS Apache RTR 200 4V,85000,2018,Individual,1st owner,10000,,76500,3697
292,Kawasaki Ninja 250R,125000,2010,Individual,2nd owner,21000,317934.0,112500,5437
293,TVS Wego,45000,2018,Individual,1st owner,10000,54760.0,40500,1957
294,Honda CBR-250R,85000,2014,Individual,2nd owner,18600,171646.0,76500,3697
295,Bajaj Pulsar NS200,85000,2018,Individual,1st owner,7750,,76500,3697
296,Suzuki GSX S750,760000,2019,Individual,1st owner,2800,752020.0,684000,33060
297,Royal Enfield Thunderbird 350,100000,2015,Individual,1st owner,30000,,90000,4350
298,Royal Enfield Classic 350,95000,2015,Individual,1st owner,9800,,85500,4132
299,Honda CB Shine SP,48000,2015,Individual,1st owner,25000,67469.0,43200,2088
300,Bajaj Avenger Street 150 [2018],40000,2016,Individual,1st owner,29689,80435.0,36000,1740
301,Honda CBF Stunner,37000,2014,Individual,1st owner,43000,58757.0,33300,1609
302,Bajaj Avenger [2015],38000,2014,Individual,2nd owner,28243,75502.0,34200,1653
303,Suzuki Gixxer [2014-2018],55000,2015,Individual,1st owner,25000,78316.0,49500,2392
304,Suzuki Access 125,45000,2017,Individual,1st owner,22300,,40500,1957
305,TVS Scooty Streak,18000,2009,Individual,2nd owner,33595,44140.0,16200,783
306,Royal Enfield Thunderbird 350X,140000,2018,Individual,1st owner,5505,,126000,6090
307,Yamaha Rx,70000,2000,Individual,3rd owner,5000,,63000,3045
308,Hero Honda Splendor Plus,15000,2007,Individual,1st owner,30000,,13500,652
309,Bajaj Pulsar 125,65000,2019,Individual,1st owner,16000,,58500,2827
310,Honda Activa 5G,42000,2018,Individual,1st owner,22000,57557.0,37800,1827
311,Yamaha Fazer Dlx,58000,2012,Individual,1st owner,40000,,52200,2523
312,Harley-Davidson Street 750,330000,2014,Individual,4th owner,6500,534000.0,297000,14355
313,Hero Xtreme 2014,35000,2013,Individual,1st owner,15000,72973.0,31500,1522
314,Royal Enfield Classic 350,162000,2018,Individual,1st owner,17365,,145800,7047
315,Hero Honda Hunk,28000,2009,Individual,1st owner,40000,,25200,1218
316,Royal Enfield Interceptor 650,285000,2019,Individual,1st owner,5500,,256500,12397
317,Royal Enfield Classic 350,125000,2017,Individual,1st owner,33900,,112500,5437
318,Bajaj Pulsar 150 [2001-2011],15000,2005,Individual,1st owner,47670,,13500,652
319,Honda Activa [2000-2015],29500,2013,Individual,1st owner,45000,50267.0,26550,1283
320,TVS Apache RR310,200000,2019,Individual,1st owner,5000,,180000,8700
321,Jawa Standard,160000,2019,Individual,1st owner,5700,,144000,6960
322,Hero Honda Splendor PRO,30000,2012,Individual,1st owner,22866,,27000,1305
323,Yamaha FZ25,110000,2019,Individual,1st owner,10000,133680.0,99000,4785
324,Bajaj Pulsar 220F,70000,2016,Individual,1st owner,31000,,63000,3045
325,Yamaha Fascino 110,69000,2019,Individual,1st owner,1600,57112.0,62100,3001
326,Yamaha FZ16,30000,2011,Individual,1st owner,44000,78712.0,27000,1305
327,Yamaha FZ16,30000,2010,Individual,1st owner,70000,78712.0,27000,1305
328,TVS Star City Plus,42000,2017,Individual,1st owner,21000,,37800,1827
329,Royal Enfield Classic 350,160000,2018,Individual,1st owner,17365,,144000,6960
330,Bajaj Pulsar 135 LS,20000,2010,Individual,1st owner,80000,64589.0,18000,870
331,Suzuki Access 125,45000,2017,Individual,1st owner,15000,,40500,1957
332,Bajaj Pulsar 135 LS,23000,2010,Individual,1st owner,77000,64589.0,20700,1000
333,UM Renegade Commando,140000,2017,Individual,2nd owner,40000,180525.0,126000,6090
334,Hero Honda Splendor Plus,12000,2005,Individual,1st owner,48000,,10800,522
335,Hero Passion PRO i3s,50000,2017,Individual,1st owner,18000,56925.0,45000,2175
336,Royal Enfield Classic 350,140000,2018,Individual,1st owner,20000,,126000,6090
337,Honda Activa 5G,55000,2019,Individual,1st owner,9000,59422.0,49500,2392
338,Yamaha Fascino 110,45000,2016,Individual,1st owner,56000,54500.0,40500,1957
339,Hero Splendor Plus,25000,2012,Individual,1st owner,50000,,22500,1087
340,Royal Enfield Thunderbird 350,90000,2014,Individual,1st owner,12000,,81000,3915
341,Yamaha YZF R15 V3,120000,2018,Individual,1st owner,11500,,108000,5220
342,KTM RC 200,120000,2015,Individual,1st owner,20000,,108000,5220
343,TVS Radeon,35000,2017,Individual,1st owner,20000,66492.0,31500,1522
344,Hero HF Deluxe,35000,2017,Individual,1st owner,27000,,31500,1522
345,BMW G310GS,300000,2018,Individual,1st owner,2500,349000.0,270000,13050
346,Royal Enfield Thunderbird 350,87000,2012,Individual,1st owner,20477,,78300,3784
347,Hero Honda Splendor Plus,18000,2010,Individual,1st owner,35700,,16200,783
348,Yamaha FZ S V 2.0,50000,2014,Individual,1st owner,70000,84042.0,45000,2175
349,Bajaj Avenger Street 220,60000,2016,Individual,1st owner,29000,95955.0,54000,2610
350,Hero Honda Splendor Plus,15000,2004,Individual,1st owner,14500,,13500,652
351,Bajaj Platina 100,30000,2018,Individual,1st owner,37000,,27000,1305
352,Royal Enfield Thunderbird 350X,160000,2018,Individual,1st owner,3246,,144000,6960
353,Honda CB Unicorn 150,50000,2016,Individual,1st owner,27000,74295.0,45000,2175
354,Suzuki Gixxer [2014-2018],62000,2017,Individual,1st owner,15000,78316.0,55800,2697
355,Bajaj Platina 100,45000,2019,Individual,1st owner,15000,,40500,1957
356,Royal Enfield Thunderbird 350,120000,2017,Individual,1st owner,4050,,108000,5220
357,Royal Enfield Thunderbird 500,125000,2014,Individual,1st owner,25000,190874.0,112500,5437
358,Bajaj Pulsar AS150,50000,2015,Individual,1st owner,5000,80821.0,45000,2175
359,Bajaj Pulsar 150,30000,2012,Individual,2nd owner,5000,,27000,1305
360,Hero Pleasure,40000,2014,Individual,1st owner,14000,51600.0,36000,1740
361,Honda Aviator,41000,2013,Individual,1st owner,36500,63537.0,36900,1783
362,Royal Enfield Thunderbird 350,120000,2017,Individual,2nd owner,9000,,108000,5220
363,Hero Ignitor,35000,2014,Individual,1st owner,33200,67722.0,31500,1522
364,Hero Honda CD100SS,10000,1997,Individual,1st owner,646000,,9000,435
365,TVS Apache RTR 160,35000,2011,Individual,1st owner,25000,,31500,1522
366,Hero Achiever 150,38000,2017,Individual,1st owner,26000,69750.0,34200,1653
367,Vespa LX 125,50000,2015,Individual,1st owner,3909,77900.0,45000,2175
368,Honda Activa 3G,40000,2015,Individual,1st owner,7672,54605.0,36000,1740
369,Hero Splendor Plus i3s,70000,2019,Individual,1st owner,3000,55600.0,63000,3045
370,Royal Enfield Classic 350,140000,2016,Individual,1st owner,3654,,126000,6090
371,Hero Maestro,26500,2016,Individual,2nd owner,40000,53830.0,23850,1152
372,Hero Glamour 125,38000,2016,Dealer,1st owner,5500,61600.0,34200,1653
373,Yamaha FZ16,60000,2016,Individual,1st owner,29950,78712.0,54000,2610
374,Royal Enfield Himalayan,145000,2017,Individual,1st owner,14000,,130500,6307
375,Yamaha FZ S V 2.0,78000,2017,Individual,1st owner,26100,84480.0,70200,3393
376,Hero Maestro Edge,58000,2018,Individual,1st owner,6000,54580.0,52200,2523
377,Yamaha FZ25,130000,2017,Individual,1st owner,4000,132680.0,117000,5655
378,TVS Victor,20000,2001,Individual,1st owner,50000,54852.0,18000,870
379,Bajaj Dominar 400 [2018],150000,2018,Individual,1st owner,5475,163331.0,135000,6525
380,Bajaj Pulsar 180,32000,2012,Individual,1st owner,40000,85011.0,28800,1392
381,Bajaj Pulsar 180,50000,2017,Individual,1st owner,20500,85011.0,45000,2175
382,KTM 200 Duke,120000,2017,Individual,1st owner,4100,,108000,5220
383,Bajaj Avenger Street 150 [2018],60000,2016,Individual,2nd owner,23097,80435.0,54000,2610
384,Bajaj Discover 100 M,20000,2011,Individual,1st owner,37734,44756.0,18000,870
385,Royal Enfield Bullet 350 [2007-2011],65000,2011,Individual,2nd owner,65000,,58500,2827
386,Yamaha YZF R15 S,70000,2016,Individual,1st owner,8000,117926.0,63000,3045
387,Yamaha FZ V 2.0,35000,2014,Individual,1st owner,13500,81508.0,31500,1522
388,Bajaj Avenger Street 220,95000,2018,Individual,1st owner,23000,95955.0,85500,4132
389,Bajaj Pulsar 150,8000,2005,Individual,1st owner,58000,,7200,348
390,Royal Enfield Thunderbird 350,85000,2010,Individual,1st owner,15000,,76500,3697
391,Hero Achiever 150,65000,2016,Individual,1st owner,29000,69750.0,58500,2827
392,Hero Passion Pro 110,39000,2013,Individual,1st owner,20000,,35100,1696
393,Hero Duet,45000,2017,Individual,1st owner,35000,50280.0,40500,1957
394,Bajaj Avenger Street 150 [2018],60000,2016,Individual,1st owner,45137,80435.0,54000,2610
395,Royal Enfield Classic Stealth Black,160000,2018,Individual,1st owner,7500,204977.0,144000,6960
396,Bajaj Pulsar 150,35000,2011,Individual,1st owner,35600,,31500,1522
397,Bajaj Pulsar 135 LS,40000,2018,Individual,1st owner,15000,64589.0,36000,1740
398,Yamaha Fazer [2009-2016],40000,2012,Individual,1st owner,7353,84751.0,36000,1740
399,Honda CB Hornet 160R,56000,2017,Individual,2nd owner,13200,87543.0,50400,2436
400,Honda CB Unicorn Dazzler,22000,2011,Individual,1st owner,38350,71757.0,19800,957
401,Yamaha YBR 125,36000,2014,Individual,1st owner,20400,54593.0,32400,1566
402,Suzuki Intruder 150 Fi,100000,2018,Individual,1st owner,14500,110240.0,90000,4350
403,Bajaj V15,42000,2016,Individual,1st owner,19500,67187.0,37800,1827
404,Royal Enfield Electra 5 S,85000,2008,Individual,1st owner,20000,,76500,3697
405,Hero Passion PRO TR,45000,2014,Individual,1st owner,36000,54586.0,40500,1957
406,Yamaha FZ25,145000,2019,Individual,1st owner,4500,133680.0,130500,6307
407,Hero Karizma [2003-2014],50000,2013,Individual,1st owner,38000,85766.0,45000,2175
408,Royal Enfield Interceptor 650,270000,2019,Individual,1st owner,9000,,243000,11745
409,Royal Enfield Thunderbird 350,60000,2006,Individual,1st owner,40000,,54000,2610
410,Royal Enfield Classic Squadron Blue,140000,2017,Individual,1st owner,25000,181445.0,126000,6090
411,Hero Honda Splendor Plus,28000,2008,Individual,1st owner,70889,,25200,1218
412,KTM 390 Duke ABS [2013-2016],180000,2015,Individual,2nd owner,13125,202127.0,162000,7830
413,Bajaj Pulsar 180,42000,2014,Individual,2nd owner,19600,85011.0,37800,1827
414,Suzuki Access 125 [2007-2016],16000,2011,Individual,1st owner,40000,58314.0,14400,696
415,Hero Splendor iSmart,40000,2015,Individual,1st owner,19055,52271.0,36000,1740
416,Bajaj Pulsar 180,38000,2012,Individual,2nd owner,57000,85011.0,34200,1653
417,Yamaha YZF R15 S,85000,2017,Individual,1st owner,13000,117926.0,76500,3697
418,Honda Aviator,28000,2013,Individual,1st owner,28087,63537.0,25200,1218
419,KTM 200 Duke,135000,2018,Individual,1st owner,24000,,121500,5872
420,Royal Enfield Thunderbird 350,120000,2016,Individual,1st owner,24600,,108000,5220
421,Hero Karizma ZMR,37000,2010,Individual,1st owner,27500,108000.0,33300,1609
422,Royal Enfield Classic Chrome,135000,2015,Individual,1st owner,45000,189313.0,121500,5872
423,Hero Honda Splendor,10000,2000,Individual,1st owner,61000,,9000,435
424,Mahindra Rodeo,20000,2013,Individual,1st owner,7000,47343.0,18000,870
425,TVS Apache RTR 160,83299,2019,Individual,1st owner,6400,,74969,3623
426,Yamaha Fazer FI V 2.0 [2016-2018],65000,2018,Individual,1st owner,3500,89643.0,58500,2827
427,Honda Activa 5G,50000,2018,Individual,1st owner,14000,59422.0,45000,2175
428,Bajaj Pulsar 220 Fi,65000,2013,Individual,1st owner,6409,,58500,2827
429,Hero Honda Karizma ZMR [2010],45000,2012,Individual,3rd owner,44000,,40500,1957
430,Honda CB Hornet 160R,60000,2017,Individual,1st owner,16500,92210.0,54000,2610
431,Royal Enfield Bullet 350,110000,2015,Individual,1st owner,36000,,99000,4785
432,Hero Honda CD Deluxe,14700,2005,Individual,2nd owner,30000,,13230,639
433,Yamaha Saluto,38000,2015,Individual,1st owner,15000,63180.0,34200,1653
434,Suzuki Access 125,70000,2018,Individual,1st owner,14500,,63000,3045
435,TVS Sport,35000,2018,Individual,1st owner,26600,,31500,1522
436,Hero Honda Glamour,19000,2012,Individual,1st owner,32000,,17100,826
437,KTM 125 Duke,130000,2019,Individual,1st owner,3500,,117000,5655
438,Bajaj Pulsar NS200,50000,2013,Dealer,1st owner,58203,,45000,2175
439,Bajaj Pulsar 150 [2001-2011],18000,2005,Individual,1st owner,21885,,16200,783
440,Hero Xtreme 200R,87000,2019,Individual,1st owner,3200,93400.0,78300,3784
441,Hero Honda Splendor Plus,40000,2007,Individual,1st owner,40000,,36000,1740
442,Bajaj Discover 150S,35000,2015,Individual,1st owner,28000,63331.0,31500,1522
443,Honda CBR-250R,100000,2011,Individual,2nd owner,3500,171646.0,90000,4350
444,Hero Pleasure,30000,2013,Individual,1st owner,24000,51600.0,27000,1305
445,Bajaj Avenger Cruise 220,95000,2018,Individual,1st owner,1800,,85500,4132
446,Bajaj Discover 125 ST,25000,2012,Individual,1st owner,76000,58438.0,22500,1087
447,Bajaj Pulsar 150 [2001-2011],26500,2010,Individual,1st owner,52500,,23850,1152
448,Bajaj Boxer,12000,2008,Individual,1st owner,17500,,10800,522
449,Bajaj Pulsar 150,20000,2006,Individual,1st owner,41000,,18000,870
450,Royal Enfield Classic Signals,195000,2018,Individual,1st owner,2845,164095.0,175500,8482
451,Bajaj Pulsar 180,14900,2007,Individual,1st owner,50000,85011.0,13410,648
452,Honda Dream Yuga,48000,2018,Individual,1st owner,7110,56147.0,43200,2088
453,Yamaha FZ S [2012-2016],40000,2014,Individual,1st owner,27785,79432.0,36000,1740
454,Honda CB Unicorn,45000,2010,Individual,1st owner,75000,71681.0,40500,1957
455,Honda Shine,25000,2010,Individual,1st owner,20000,,22500,1087
456,Honda Activa 3G,25000,2011,Individual,1st owner,20000,54605.0,22500,1087
457,Honda Activa [2000-2015],10000,2009,Individual,1st owner,60000,50267.0,9000,435
458,Mahindra Flyte,22000,2009,Individual,3rd owner,20000,44493.0,19800,957
459,Honda Activa 3G,45000,2015,Individual,1st owner,18000,54605.0,40500,1957
460,KTM 250 Duke,135000,2017,Individual,1st owner,16500,,121500,5872
461,Yamaha Ray Z,75000,2017,Individual,1st owner,15000,52949.0,67500,3262
462,Bajaj Pulsar 135 LS,24000,2010,Individual,1st owner,45000,64589.0,21600,1044
463,Yamaha FZ16,45000,2016,Individual,1st owner,37000,78712.0,40500,1957
464,Hero Passion PRO i3s,55000,2017,Individual,1st owner,14600,54475.0,49500,2392
465,Bajaj Discover 125,10000,2006,Individual,1st owner,51000,57549.0,9000,435
466,Royal Enfield Classic 350,135000,2017,Individual,1st owner,15000,,121500,5872
467,Honda CB Unicorn 150,55000,2017,Individual,1st owner,12000,74295.0,49500,2392
468,Bajaj Avenger [2015],35000,2012,Individual,1st owner,15000,75502.0,31500,1522
469,Bajaj Super,20000,1988,Individual,1st owner,21000,,18000,870
470,Bajaj Pulsar 150,26000,2012,Individual,2nd owner,65000,,23400,1131
471,Honda Activa [2000-2015],23000,2009,Individual,1st owner,95000,50267.0,20700,1000
472,Royal Enfield Classic Desert Storm,150000,2015,Individual,1st owner,23000,181445.0,135000,6525
473,Hero Honda CD Deluxe,24700,2012,Individual,2nd owner,40000,,22230,1074
474,Hero Duet,35000,2016,Individual,2nd owner,49637,54080.0,31500,1522
475,Hero Honda Passion PRO [2012],12000,2012,Individual,1st owner,90000,,10800,522
476,Royal Enfield Classic 350,150000,2017,Individual,1st owner,7000,,135000,6525
477,Honda Activa 3G,50000,2016,Individual,1st owner,5326,54605.0,45000,2175
478,Honda Activa [2000-2015],25000,2009,Individual,1st owner,585659,50267.0,22500,1087
479,Hero Honda CD100,15000,1999,Dealer,2nd owner,10000,,13500,652
480,Hero Super Splendor,35000,2014,Individual,2nd owner,37541,,31500,1522
481,Honda CB Trigger,45000,2015,Individual,1st owner,36000,83437.0,40500,1957
482,Honda Dream Yuga,25000,2013,Individual,1st owner,29000,56147.0,22500,1087
483,Hero Honda Passion Plus,40000,2018,Individual,1st owner,29000,,36000,1740
484,TVS Spectra,17000,2008,Individual,1st owner,50000,,15300,739
485,Hero Ignitor,30000,2016,Individual,1st owner,18000,67722.0,27000,1305
486,Hero Honda CD100,15000,2000,Individual,1st owner,50000,,13500,652
487,Bajaj Pulsar 220F,60000,2017,Individual,2nd owner,40000,,54000,2610
488,Hero Splendor Plus,30000,2013,Individual,1st owner,20000,,27000,1305
489,Yamaha YZF R15 [2011-2018],60000,2012,Individual,1st owner,22000,118997.0,54000,2610
490,Honda Activa 3G,32000,2015,Individual,1st owner,4500,54605.0,28800,1392
491,Bajaj Discover 150,30000,2012,Individual,1st owner,50000,54299.0,27000,1305
492,Bajaj Pulsar 150 [2001-2011],55000,2010,Individual,1st owner,42000,,49500,2392
493,Bajaj Avenger Street 150 [2018],75000,2016,Individual,1st owner,35000,80435.0,67500,3262
494,TVS Star City Plus,52000,2017,Individual,1st owner,25000,,46800,2262
495,Bajaj Discover 125,38000,2018,Individual,1st owner,34000,60122.0,34200,1653
496,Bajaj Discover 135,12000,2007,Individual,1st owner,60000,,10800,522
497,Honda CB Shine SP,47000,2017,Individual,1st owner,73000,64750.0,42300,2044
498,Honda Activa [2000-2015],22000,2014,Individual,1st owner,38000,50267.0,19800,957
499,Bajaj Avenger [2015],65000,2015,Individual,1st owner,26000,75502.0,58500,2827
500,Bajaj Platina 100,23000,2013,Individual,2nd owner,24000,,20700,1000
501,Bajaj Discover 100,30000,2011,Individual,1st owner,45000,42859.0,27000,1305
502,Bajaj Pulsar 150,35000,2011,Individual,1st owner,36000,,31500,1522
503,Bajaj Avenger Street 150 [2018],80000,2017,Individual,1st owner,30000,80435.0,72000,3480
504,Bajaj Platina 100,20000,2012,Individual,1st owner,16295,,18000,870
505,Bajaj Pulsar 150,16000,2011,Individual,2nd owner,59000,,14400,696
506,Bajaj Pulsar 150,20000,2006,Individual,1st owner,9500,,18000,870
507,Bajaj Pulsar NS200,50000,2012,Individual,1st owner,46000,,45000,2175
508,Honda CB Trigger,40000,2015,Individual,1st owner,75000,76572.0,36000,1740
509,Bajaj Pulsar 135 LS,20000,2010,Individual,1st owner,80000,64589.0,18000,870
510,Bajaj Pulsar 180,65000,2018,Individual,1st owner,26000,85011.0,58500,2827
511,Yamaha YZF R15 S,85000,2016,Individual,1st owner,26000,117926.0,76500,3697
512,Hero Splendor Plus,12000,2007,Individual,1st owner,100000,,10800,522
513,Hero Xpulse 200T,105000,2019,Individual,1st owner,2900,96500.0,94500,4567
514,Yamaha FZ S V 2.0,40000,2015,Individual,1st owner,25000,84042.0,36000,1740
515,Bajaj Discover 150,30000,2011,Individual,2nd owner,39500,54299.0,27000,1305
516,Honda Activa [2000-2015],25000,2012,Individual,1st owner,40000,50267.0,22500,1087
517,Hero Splendor PRO,40000,2016,Individual,1st owner,16000,51994.0,36000,1740
518,Honda Dream Neo,45000,2017,Individual,2nd owner,21000,49211.0,40500,1957
519,Bajaj CT 100,40000,2018,Individual,1st owner,14000,,36000,1740
520,Suzuki Access 125,70000,2018,Individual,1st owner,7000,76632.0,63000,3045
521,Honda Activa [2000-2015],30000,2012,Individual,1st owner,22000,50267.0,27000,1305
522,Hero Honda Pleasure,25000,2009,Individual,1st owner,50000,,22500,1087
523,Bajaj Platina 100,20000,2012,Individual,1st owner,16295,,18000,870
524,Honda CB Hornet 160R,70000,2017,Individual,1st owner,35000,87719.0,63000,3045
525,Bajaj V15,50000,2017,Individual,1st owner,9000,65626.0,45000,2175
526,Hero Honda CD Deluxe,25000,2010,Individual,1st owner,35000,,22500,1087
527,Bajaj Pulsar 150,22000,2011,Individual,1st owner,60000,,19800,957
528,Honda Activa [2000-2015],35000,2013,Individual,1st owner,29500,50267.0,31500,1522
529,TVS Apache RTR 160,40000,2014,Individual,2nd owner,50000,,36000,1740
530,Bajaj Pulsar 220F,75000,2016,Individual,1st owner,10500,,67500,3262
531,Hero Honda Passion PRO [2012],28000,2011,Individual,2nd owner,60000,,25200,1218
532,Hero Maestro Edge,55000,2018,Individual,1st owner,39000,52790.0,49500,2392
533,Honda Dio,30000,2014,Individual,1st owner,24000,,27000,1305
534,Hero Glamour 125,40000,2016,Individual,1st owner,15000,61600.0,36000,1740
535,Bajaj Avenger Street 160,85000,2019,Individual,1st owner,3000,,76500,3697
536,Hero Honda CD Deluxe,12000,2007,Individual,2nd owner,100000,,10800,522
537,Yamaha YBR 125,35000,2013,Individual,1st owner,20350,54593.0,31500,1522
538,Bajaj Pulsar 150,25000,2015,Individual,2nd owner,50000,,22500,1087
539,Bajaj Pulsar 150,40000,2012,Individual,2nd owner,37000,,36000,1740
540,Hero Honda CD Deluxe,15000,2011,Individual,1st owner,70000,,13500,652
541,Hero Passion PRO i3s,55000,2018,Individual,1st owner,15000,54475.0,49500,2392
542,Bajaj Pulsar 180,60000,2015,Individual,1st owner,28563,85011.0,54000,2610
543,Yamaha Fazer 25,115000,2018,Individual,1st owner,11000,142680.0,103500,5002
544,TVS Excel,5000,1998,Individual,1st owner,60000,,4500,217
545,Honda Shine,40000,2015,Individual,1st owner,21121,,36000,1740
546,Honda Dream Neo,50000,2014,Individual,1st owner,25000,49211.0,45000,2175
547,Honda Dio,28000,2014,Individual,1st owner,13000,,25200,1218
548,Hero Splendor Plus,35000,2013,Individual,1st owner,55000,,31500,1522
549,Bajaj Xcd,25000,2007,Individual,2nd owner,100000,,22500,1087
550,TVS Streak,20000,2009,Individual,2nd owner,36000,,18000,870
551,Bajaj Pulsar 180,40000,2013,Individual,1st owner,34000,85011.0,36000,1740
552,Hero Xtreme 200R,86000,2018,Individual,1st owner,12000,93400.0,77400,3741
553,Yamaha YZF R15 [2011-2018],65000,2011,Individual,1st owner,29000,,58500,2827
554,Bajaj Avenger Street 150 [2018],60000,2017,Individual,1st owner,30000,80435.0,54000,2610
555,Yamaha RX135,65000,1998,Individual,3rd owner,16500,,58500,2827
556,Honda CB Shine SP,41000,2017,Individual,1st owner,33000,66697.0,36900,1783
557,Honda CBR150 R,110000,2017,Individual,1st owner,11800,129662.0,99000,4785
558,Honda Dream Yuga,32000,2017,Individual,1st owner,39000,56147.0,28800,1392
559,Honda Shine,37000,2014,Individual,1st owner,16145,,33300,1609
560,Hero Splendor Plus i3s,65000,2019,Individual,1st owner,1000,55600.0,58500,2827
561,Hero Honda Passion Plus,18000,2007,Individual,2nd owner,50000,,16200,783
562,Hero Honda Passion PRO [2012],28700,2012,Individual,2nd owner,49876,,25830,1248
563,Honda Activa 3G,35000,2016,Individual,1st owner,51000,54605.0,31500,1522
564,Bajaj Pulsar 180F,100000,2019,Individual,1st owner,1300,,90000,4350
565,Hero Honda Glamour,21000,2010,Individual,1st owner,11000,,18900,913
566,Bajaj Pulsar 150 [2001-2011],30000,2010,Individual,2nd owner,55000,,27000,1305
567,TVS Apache RTR 200 4V,90000,2019,Individual,1st owner,20000,,81000,3915
568,Bajaj Super,6000,1991,Individual,1st owner,35000,,5400,261
569,Hero Honda Passion Plus,23500,2010,Individual,1st owner,60000,,21150,1022
570,Bajaj Pulsar 150,55000,2015,Individual,2nd owner,40000,,49500,2392
571,Yamaha SZ X,35000,2010,Individual,1st owner,46000,65800.0,31500,1522
572,Hero Honda CD100,15000,1998,Individual,1st owner,65000,,13500,652
573,Bajaj Pulsar 180,35000,2009,Individual,1st owner,19000,85011.0,31500,1522
574,Bajaj Pulsar 220 DTS-i,40000,2011,Individual,1st owner,26000,,36000,1740
575,Hero Honda Achiever,15000,2009,Individual,1st owner,86000,,13500,652
576,Hero Honda Karizma,40000,2011,Individual,2nd owner,340000,,36000,1740
577,Honda CB Unicorn 160,75000,2016,Individual,1st owner,40000,77545.0,67500,3262
578,Bajaj Avenger Cruise 220,70000,2016,Individual,1st owner,10000,,63000,3045
579,Bajaj Discover 135,22000,2007,Individual,1st owner,25000,,19800,957
580,Yamaha FZ S V 2.0,80000,2019,Individual,1st owner,10000,87042.0,72000,3480
581,Bajaj Pulsar 150,72000,2017,Individual,1st owner,24000,,64800,3132
582,Hero HF Deluxe,30000,2014,Individual,2nd owner,35000,,27000,1305
583,Bajaj Pulsar 135 LS,25000,2011,Individual,2nd owner,30000,64589.0,22500,1087
584,Aprilia SR 125,65000,2018,Individual,1st owner,6500,,58500,2827
585,Bajaj Pulsar 150,68000,2019,Individual,1st owner,10000,,61200,2958
586,Hero Duet,27000,2016,Individual,1st owner,28000,50280.0,24300,1174
587,Honda CB Twister,25000,2015,Individual,1st owner,35000,57241.0,22500,1087
588,Bajaj Discover 125,45000,2016,Individual,1st owner,20000,60122.0,40500,1957
589,Honda CBR-250R,200000,2019,Individual,1st owner,5500,202310.0,180000,8700
590,Bajaj Pulsar 180,20100,2008,Individual,1st owner,36000,85011.0,18090,874
591,Honda Shine,30000,2014,Individual,1st owner,25000,,27000,1305
592,Suzuki Swish [2012-2015],30000,2014,Individual,1st owner,30000,51685.0,27000,1305
593,TVS Star City,21000,2011,Individual,1st owner,101000,47108.0,18900,913
594,Hero Super Splendor,45000,2012,Individual,1st owner,21000,,40500,1957
595,Yamaha Fazer [2009-2016],45000,2014,Individual,1st owner,57700,84751.0,40500,1957
596,TVS Scooty Pep DLX,14500,2012,Individual,1st owner,44000,,13050,630
597,Honda Dream Yuga,47000,2019,Individual,1st owner,8800,56147.0,42300,2044
598,TVS Star City Plus,26000,2014,Individual,2nd owner,68000,,23400,1131
599,Yamaha Fazer [2009-2016],25000,2013,Individual,1st owner,120000,84751.0,22500,1087
600,Hero Honda Street Smart,10000,2000,Individual,1st owner,24000,,9000,435
601,TVS Apache RTR 160,50000,2017,Individual,1st owner,38000,,45000,2175
602,Honda Dio,23000,2010,Individual,1st owner,40000,,20700,1000
603,Honda Activa [2000-2015],50000,2014,Individual,1st owner,48000,50267.0,45000,2175
604,Hero Maestro Edge,46000,2015,Individual,1st owner,14000,55980.0,41400,2001
605,Honda CB Hornet 160R,80000,2017,Individual,1st owner,18000,87719.0,72000,3480
606,Hero Karizma [2003-2014],50000,2013,Individual,1st owner,38000,85766.0,45000,2175
607,Honda CB Trigger,40000,2014,Individual,1st owner,75000,83437.0,36000,1740
608,Honda CB Hornet 160R,70000,2017,Individual,1st owner,35000,87719.0,63000,3045
609,Hero Glamour FI,30900,2014,Individual,1st owner,25000,71150.0,27810,1344
610,Bajaj Avenger [2015],65000,2010,Individual,1st owner,20000,75502.0,58500,2827
611,Hero Honda Splendor Plus,15000,2006,Individual,1st owner,100000,,13500,652
612,TVS Apache RTR 160,89999,2019,Individual,1st owner,6400,,80999,3914
613,Hero Honda Splendor Plus,17600,2006,Individual,1st owner,52000,,15840,765
614,Bajaj Platina 100,17000,2007,Individual,1st owner,16000,,15300,739
615,Yamaha FZ25,90000,2018,Individual,1st owner,8200,132680.0,81000,3915
616,Bajaj Pulsar 150 [2001-2011],35000,2010,Individual,1st owner,60000,,31500,1522
617,Yamaha YZF R15 S,70000,2017,Individual,1st owner,16000,117926.0,63000,3045
618,Bajaj Discover 125,15000,2011,Individual,1st owner,47000,57549.0,13500,652
619,Hero Passion PRO i3s,35000,2016,Individual,1st owner,18000,54475.0,31500,1522
620,Honda Activa [2000-2015],15000,2006,Individual,1st owner,50000,50267.0,13500,652
621,Bajaj Discover 125,50000,2018,Individual,1st owner,6000,60122.0,45000,2175
622,Suzuki Gixxer [2014-2018],69000,2017,Individual,1st owner,20000,82813.0,62100,3001
623,TVS Wego,15000,2011,Individual,1st owner,65000,54760.0,13500,652
624,Bajaj Discover 150,25000,2008,Individual,1st owner,25000,54299.0,22500,1087
625,Suzuki Access 125 [2007-2016],30000,2012,Individual,1st owner,23000,58314.0,27000,1305
626,Hero Karizma 2014,45000,2014,Individual,1st owner,5555,86744.0,40500,1957
627,Hero CD Deluxe,35000,2016,Individual,1st owner,38000,,31500,1522
628,Yamaha Fazer 25,120000,2018,Individual,1st owner,6000,142680.0,108000,5220
629,Hero Splendor Plus,25000,2015,Individual,1st owner,45000,,22500,1087
630,Yamaha YZF R15 [2011-2018],80000,2017,Individual,1st owner,27000,118997.0,72000,3480
631,Hero Honda Splendor Plus,10000,2007,Individual,1st owner,98000,,9000,435
632,TVS Apache RTR 160,70000,2018,Individual,1st owner,16000,,63000,3045
633,Bajaj Pulsar 150,35000,2011,Individual,1st owner,50000,,31500,1522
634,Hero Glamour 125,40000,2015,Individual,1st owner,71250,61600.0,36000,1740
635,Hero Honda Passion Plus,20000,2006,Individual,1st owner,28000,,18000,870
636,Honda CB Twister,30000,2012,Individual,1st owner,50000,57241.0,27000,1305
637,Bajaj CT 100,8000,2005,Individual,2nd owner,82000,,7200,348
638,Bajaj Pulsar 220 DTS-i,65000,2013,Individual,1st owner,6409,,58500,2827
639,Hero Honda Super Splendor [2005],20000,2008,Individual,1st owner,54000,,18000,870
640,Honda CB Trigger,45000,2013,Individual,1st owner,20000,76572.0,40500,1957
641,Hero Hunk,35000,2013,Individual,1st owner,50000,78513.0,31500,1522
642,Bajaj Discover 150,25000,2011,Individual,1st owner,52000,54299.0,22500,1087
643,TVS Apache RTR 160,15000,2009,Individual,4th owner,880000,,13500,652
644,Hero Xtreme Sports,65000,2017,Individual,1st owner,23000,78350.0,58500,2827
645,Bajaj Avenger [2015],45000,2011,Individual,1st owner,35000,75502.0,40500,1957
646,Honda Activa 125,45000,2017,Individual,1st owner,49000,,40500,1957
647,Bajaj Pulsar 220F,50000,2011,Individual,2nd owner,55000,,45000,2175
648,Bajaj Pulsar NS200,85000,2018,Individual,2nd owner,15100,,76500,3697
649,Hero Honda Splendor,25000,2008,Individual,1st owner,38000,,22500,1087
650,Honda CB Unicorn 150,60000,2017,Individual,1st owner,12652,74295.0,54000,2610
651,Suzuki Gixxer SF Fi,100000,2019,Individual,1st owner,7000,103170.0,90000,4350
652,KTM RC 200,180000,2019,Individual,2nd owner,13800,,162000,7830
653,Bajaj Discover 100,25000,2010,Individual,2nd owner,28000,42859.0,22500,1087
654,TVS Wego,15000,2011,Individual,2nd owner,20000,54760.0,13500,652
655,Honda CB Hornet 160R,60000,2017,Individual,2nd owner,16008,92210.0,54000,2610
656,Yamaha YZF R15 S,75000,2018,Individual,1st owner,36000,117926.0,67500,3262
657,Hero CBZ,35000,2010,Individual,1st owner,36000,,31500,1522
658,TVS Scooty Zest 110,55000,2018,Individual,1st owner,380,53751.0,49500,2392
659,Yamaha FZ S V 2.0,85000,2018,Individual,1st owner,50000,87042.0,76500,3697
660,Hero Honda Glamour,35000,2012,Individual,1st owner,30000,,31500,1522
661,Hero Honda CBZ extreme,35000,2011,Individual,1st owner,35000,,31500,1522
662,Yamaha FZ S V 2.0,60000,2017,Individual,1st owner,14500,84042.0,54000,2610
663,Suzuki Access 125,40000,2017,Individual,1st owner,15000,,36000,1740
664,Bajaj Pulsar 150,30000,2010,Individual,1st owner,54000,,27000,1305
665,Bajaj Pulsar NS160,80000,2018,Individual,1st owner,11000,,72000,3480
666,Hero Splendor PRO,24000,2011,Individual,1st owner,43000,51994.0,21600,1044
667,Honda Shine,18000,2010,Individual,1st owner,15000,,16200,783
668,Hero Passion Pro 110,20000,2008,Individual,3rd owner,40000,,18000,870
669,Yamaha FZ16,40000,2016,Individual,1st owner,93000,78712.0,36000,1740
670,Suzuki Access 125,20000,2012,Individual,1st owner,24000,,18000,870
671,TVS Jupiter,70000,2018,Individual,1st owner,14000,,63000,3045
672,Hero Passion Pro 110,50000,2019,Individual,1st owner,29442,,45000,2175
673,Yamaha FZ S V 2.0,75000,2017,Individual,1st owner,20000,84042.0,67500,3262
674,Honda Livo,25000,2015,Individual,1st owner,30000,,22500,1087
675,Honda CB Hornet 160R,70000,2017,Individual,1st owner,38000,87543.0,63000,3045
676,Honda Activa 125 [2016-2017],55000,2018,Individual,1st owner,18000,61545.0,49500,2392
677,Honda Activa 5G,51000,2018,Individual,1st owner,14000,59422.0,45900,2218
678,Yamaha Saluto,74000,2019,Individual,1st owner,13000,59844.0,66600,3219
679,Yamaha FZ S V 2.0,65000,2017,Individual,1st owner,42000,84042.0,58500,2827
680,Bajaj Avenger Street 150 [2018],60000,2016,Individual,2nd owner,27000,80435.0,54000,2610
681,Bajaj Pulsar 220F,110000,2019,Individual,1st owner,4000,,99000,4785
682,Yamaha YZF R15 [2011-2018],50000,2014,Individual,1st owner,1200,118997.0,45000,2175
683,TVS Apache RTR 160 4V,85009,2018,Individual,1st owner,7500,,76508,3697
684,Hero Passion Pro 110,60000,2013,Individual,1st owner,15000,,54000,2610
685,Bajaj Pulsar 150,25000,2013,Individual,2nd owner,70000,,22500,1087
686,TVS Apache RTR 160 4V,75000,2019,Individual,1st owner,12657,,67500,3262
687,Honda CB Unicorn 150,30000,2010,Individual,1st owner,69000,74295.0,27000,1305
688,Honda Activa [2000-2015],16600,2010,Individual,1st owner,100000,50267.0,14940,722
689,Honda Activa 3G,30000,2015,Individual,1st owner,18000,54605.0,27000,1305
690,Honda Shine,20000,2007,Individual,1st owner,80000,,18000,870
691,Honda Activa 5G,62000,2019,Individual,1st owner,11200,59422.0,55800,2697
692,Bajaj Avenger Street 220,60000,2016,Individual,1st owner,17000,95955.0,54000,2610
693,Hero Xtreme [2013-2014],45000,2014,Individual,1st owner,56420,72492.0,40500,1957
694,Yamaha FZ S [2012-2016],40000,2011,Individual,1st owner,82000,79432.0,36000,1740
695,Suzuki Intruder 150,75000,2018,Individual,1st owner,10000,,67500,3262
696,Yamaha Fazer [2009-2016],50000,2012,Individual,1st owner,100000,84751.0,45000,2175
697,Bajaj Pulsar RS 200,105000,2017,Individual,1st owner,18345,,94500,4567
698,Bajaj Discover 135,30000,2009,Individual,1st owner,20000,,27000,1305
699,Hero Honda CBZ,10000,2000,Individual,4th owner,48000,,9000,435
700,Bajaj Pulsar 135 LS,45000,2014,Individual,1st owner,14000,64589.0,40500,1957
701,Yamaha Fazer 25,145000,2018,Individual,2nd owner,4100,142680.0,130500,6307
702,Honda CB Unicorn 150,45000,2016,Individual,2nd owner,50000,74295.0,40500,1957
703,Honda Activa 5G,65000,2019,Individual,1st owner,3025,59422.0,58500,2827
704,Bajaj Pulsar 135 LS,20000,2011,Individual,1st owner,60000,64589.0,18000,870
705,Hero Duet,37000,2016,Individual,1st owner,6000,50280.0,33300,1609
706,Hero Splendor NXG,18000,2011,Individual,1st owner,35000,44814.0,16200,783
707,Hero Glamour 125,25000,2013,Individual,1st owner,50000,61600.0,22500,1087
708,Honda Activa 5G,46000,2018,Individual,1st owner,10000,57557.0,41400,2001
709,Yamaha Fascino 110,55000,2019,Individual,1st owner,7000,57112.0,49500,2392
710,Bajaj V15,40000,2016,Individual,1st owner,34000,67187.0,36000,1740
711,Hero Honda Passion PRO [2012],25000,2012,Individual,2nd owner,20000,,22500,1087
712,Honda Activa [2000-2015],25000,2012,Individual,1st owner,38000,50267.0,22500,1087
713,Bajaj Xcd,15000,2008,Individual,1st owner,100000,,13500,652
714,Bajaj Pulsar NS160,70000,2018,Individual,1st owner,20000,,63000,3045
715,Honda CB Hornet 160R,70000,2017,Individual,1st owner,240000,92210.0,63000,3045
716,Yamaha RXG,25000,1997,Individual,1st owner,45354,,22500,1087
717,TVS Streak,10000,2009,Individual,1st owner,100000,,9000,435
718,Bajaj Pulsar RS 200,80000,2015,Individual,1st owner,32000,,72000,3480
719,Yamaha Alpha,25000,2015,Individual,2nd owner,14000,54253.0,22500,1087
720,Honda Livo,35000,2016,Individual,1st owner,70000,,31500,1522
721,Mahindra Gusto,25000,2016,Individual,1st owner,13500,51185.0,22500,1087
722,Bajaj Discover 125,26000,2012,Individual,1st owner,75000,57549.0,23400,1131
723,Hero Glamour 125,15000,2011,Individual,1st owner,75000,61600.0,13500,652
724,Honda CB Unicorn 160,50000,2017,Individual,1st owner,52000,77545.0,45000,2175
725,Hero Pleasure,26500,2013,Individual,1st owner,18860,49600.0,23850,1152
726,Royal Enfield Classic 350,135000,2017,Individual,1st owner,2700,,121500,5872
727,Honda CB Hornet 160R,80000,2016,Individual,1st owner,100000,92661.0,72000,3480
728,Bajaj CT 100,30000,2016,Individual,1st owner,38500,,27000,1305
729,Yamaha FZ S V 2.0,90000,2018,Individual,1st owner,10500,87042.0,81000,3915
730,Bajaj Pulsar 180,85000,2016,Individual,1st owner,35000,85011.0,76500,3697
731,Hero Glamour 125,54000,2013,Individual,1st owner,17000,61600.0,48600,2349
732,Bajaj CT 100,42000,2019,Individual,1st owner,2900,,37800,1827
733,Bajaj Discover 100 T,25000,2014,Individual,1st owner,30000,47032.0,22500,1087
734,TVS Star City Plus,50000,2016,Individual,2nd owner,14000,,45000,2175
735,Honda CB Unicorn 150,55000,2014,Individual,1st owner,10000,74295.0,49500,2392
736,Hero Passion PRO TR,35000,2014,Individual,1st owner,9556,54586.0,31500,1522
737,Honda CB Shine SP,50000,2018,Individual,1st owner,37000,64750.0,45000,2175
738,Bajaj V15,45000,2015,Individual,1st owner,2700,65626.0,40500,1957
739,Bajaj V15,45000,2016,Individual,1st owner,36000,67187.0,40500,1957
740,Bajaj Discover 100,28000,2015,Individual,2nd owner,52000,42859.0,25200,1218
741,Royal Enfield Electra 4 S,80000,2013,Individual,1st owner,46000,,72000,3480
742,KTM 200 Duke,130000,2016,Individual,1st owner,12000,,117000,5655
743,Bajaj Pulsar 220F,120000,2019,Individual,1st owner,6500,,108000,5220
744,Suzuki GS150R,27000,2012,Individual,1st owner,14100,70851.0,24300,1174
745,Honda Shine,30000,2014,Individual,1st owner,40000,,27000,1305
746,Honda CB Unicorn Dazzler,50000,2010,Individual,1st owner,75000,71757.0,45000,2175
747,Honda Livo,45000,2018,Individual,1st owner,10000,,40500,1957
748,Honda Aviator,28000,2009,Individual,1st owner,29625,59183.0,25200,1218
749,Honda Activa [2000-2015],6000,2006,Individual,2nd owner,35000,50267.0,5400,261
750,Hero Hunk,35000,2016,Individual,1st owner,32000,78513.0,31500,1522
751,Honda Activa 125,30000,2014,Individual,1st owner,20000,,27000,1305
752,Bajaj Discover 110,15000,2007,Individual,1st owner,70000,52710.0,13500,652
753,Hero Xtreme [2013-2014],45000,2013,Individual,1st owner,57000,75936.0,40500,1957
754,TVS Victor GLX,18000,2005,Individual,1st owner,11000,,16200,783
755,Bajaj Pulsar NS200,85000,2018,Individual,1st owner,17500,,76500,3697
756,Honda Aviator,30000,2014,Individual,1st owner,7000,59183.0,27000,1305
757,Bajaj Platina 100,40000,2018,Individual,1st owner,17500,,36000,1740
758,TVS Sport,34000,2018,Individual,1st owner,25000,,30600,1479
759,Hero Honda Passion Plus,8000,2003,Individual,1st owner,53500,,7200,348
760,Bajaj V15,70000,2018,Individual,1st owner,15000,67187.0,63000,3045
761,Honda Dio,50000,2016,Individual,1st owner,8000,,45000,2175
762,Honda Dream Yuga,35000,2015,Individual,1st owner,39448,56147.0,31500,1522
763,Hero Honda Splendor Plus,20000,2006,Individual,1st owner,75000,,18000,870
764,Bajaj Pulsar 150,50000,2012,Individual,1st owner,28000,,45000,2175
765,Bajaj Discover 135,37000,2008,Individual,1st owner,62000,,33300,1609
766,Honda Livo,69000,2018,Individual,1st owner,12000,,62100,3001
767,Hero Honda Splendor NXG,28000,2012,Individual,1st owner,49999,,25200,1218
768,Bajaj Discover 125,25000,2011,Individual,1st owner,70000,57549.0,22500,1087
769,Yamaha FZ V 2.0,60000,2018,Individual,1st owner,25000,81508.0,54000,2610
770,Yamaha SZ-S,50000,2014,Individual,1st owner,20000,72532.0,45000,2175
771,Royal Enfield Thunderbird 350,135000,2016,Individual,1st owner,4500,,121500,5872
772,Bajaj Discover 125 M,30000,2014,Individual,1st owner,45000,49146.0,27000,1305
773,Yamaha FZ S [2012-2016],60000,2014,Individual,1st owner,68000,79432.0,54000,2610
774,Honda Activa [2000-2015],23000,2009,Individual,1st owner,95000,50267.0,20700,1000
775,Bajaj Xcd,20000,2009,Individual,1st owner,16000,,18000,870
776,Bajaj Avenger Street 160,80000,2019,Individual,1st owner,5000,,72000,3480
777,Royal Enfield Electra 5 S,99000,2006,Individual,2nd owner,36000,,89100,4306
778,TVS Apache RTR 200 4V,90000,2018,Individual,1st owner,70000,,81000,3915
779,Hero Honda Splendor Plus,20000,2005,Individual,1st owner,27370,,18000,870
780,Hero Glamour 125,50000,2017,Individual,1st owner,8600,61600.0,45000,2175
781,TVS Victor GLX,27000,2002,Individual,1st owner,49000,,24300,1174
782,Honda Grazia,60000,2018,Individual,1st owner,16000,,54000,2610
783,Bajaj Pulsar 150 [2001-2011],12000,2007,Individual,2nd owner,100000,,10800,522
784,Hero Xtreme 2014,50000,2014,Individual,1st owner,10000,72973.0,45000,2175
785,Hero Pleasure,20000,2012,Individual,2nd owner,30000,49600.0,18000,870
786,Hero Passion XPro,45000,2018,Individual,1st owner,7000,58900.0,40500,1957
787,Hero Super Splendor,40000,2013,Individual,1st owner,68000,,36000,1740
788,Yamaha FZ S [2012-2016],45000,2016,Individual,2nd owner,20000,79432.0,40500,1957
789,Honda Activa [2000-2015],25000,2015,Individual,1st owner,25000,50267.0,22500,1087
790,Hero Glamour FI,75000,2019,Individual,1st owner,8900,71150.0,67500,3262
791,Hero Honda Passion Plus,25000,2007,Individual,1st owner,70000,,22500,1087
792,Hero Splendor Plus,25000,2006,Individual,2nd owner,40000,,22500,1087
793,Hero Xpulse 200,100000,2019,Individual,1st owner,8500,107500.0,90000,4350
794,Honda CB Unicorn 150,30000,2012,Individual,1st owner,32000,74295.0,27000,1305
795,Bajaj Discover 135,25000,2010,Individual,1st owner,55000,,22500,1087
796,Hero Honda Splendor,10000,2006,Individual,1st owner,75000,,9000,435
797,Hero Honda CD Deluxe,25000,2008,Individual,3rd owner,65000,,22500,1087
798,Royal Enfield Electra Twinspark,120000,2016,Individual,1st owner,345000,,108000,5220
799,Honda Dream Neo,42000,2014,Individual,1st owner,21000,53415.0,37800,1827
800,Hero Maestro,30000,2013,Individual,1st owner,60000,49412.0,27000,1305
801,Honda CBR150 R,77000,2014,Individual,1st owner,38000,132513.0,69300,3349
802,Honda CB Unicorn Dazzler,25000,2011,Individual,1st owner,40000,71757.0,22500,1087
803,TVS Apache [2006],15000,2006,Individual,1st owner,40000,,13500,652
804,Hero Passion XPro,25000,2013,Individual,1st owner,25000,59640.0,22500,1087
805,Honda Activa 5G,50000,2018,Individual,1st owner,25000,57957.0,45000,2175
806,Honda Activa i,30000,2014,Individual,1st owner,25000,53900.0,27000,1305
807,TVS Apache RTR 200 4V,125000,2019,Individual,1st owner,3000,,112500,5437
808,Hero Honda CBZ extreme,35000,2011,Individual,1st owner,28000,,31500,1522
809,Suzuki Gixxer [2014-2018],45000,2015,Individual,1st owner,40000,78316.0,40500,1957
810,Hero Xpulse 200,98000,2019,Individual,1st owner,8500,107500.0,88200,4263
811,Bajaj Pulsar 150,75000,2017,Individual,1st owner,30000,,67500,3262
812,Bajaj Pulsar AS150,55000,2017,Individual,2nd owner,20000,80821.0,49500,2392
813,Bajaj Platina 100,25000,2013,Individual,1st owner,30000,,22500,1087
814,Honda CB Twister,70000,2014,Individual,1st owner,12566,49150.0,63000,3045
815,Suzuki SlingShot,24000,2011,Individual,1st owner,17000,,21600,1044
816,TVS Apache RTR 160,70000,2018,Individual,1st owner,17000,,63000,3045
817,Bajaj V12,45000,2017,Individual,1st owner,35000,58906.0,40500,1957
818,Hero Karizma 2014,25000,2015,Individual,1st owner,40000,86744.0,22500,1087
819,Yamaha YZF R15 V3,170000,2019,Individual,1st owner,1400,146400.0,153000,7395
820,Yamaha Fascino 110,38000,2016,Individual,1st owner,37000,54500.0,34200,1653
821,Honda CB Unicorn 160,45000,2015,Individual,1st owner,15000,77545.0,40500,1957
822,Yamaha Gladiator,15000,2009,Individual,1st owner,46000,,13500,652
823,Hero Honda Glamour,45000,2012,Individual,1st owner,75000,,40500,1957
824,Bajaj Discover 100,22000,2014,Individual,1st owner,14289,42859.0,19800,957
825,Mahindra Gusto,30000,2015,Individual,2nd owner,20000,51185.0,27000,1305
826,Royal Enfield Thunderbird 350,100000,2012,Individual,1st owner,28000,,90000,4350
827,Royal Enfield Classic 350,100000,2014,Individual,1st owner,19000,,90000,4350
828,Bajaj Pulsar 150,60000,2017,Individual,1st owner,28450,,54000,2610
829,Royal Enfield Electra Twinspark,100000,2014,Individual,1st owner,31500,,90000,4350
830,Bajaj Pulsar 150,40000,2016,Individual,1st owner,28000,,36000,1740
831,Bajaj Pulsar 150,21000,2007,Individual,1st owner,100000,,18900,913
832,Hero HF Deluxe,40000,2018,Individual,1st owner,16000,,36000,1740
833,Honda Activa [2000-2015],25000,2007,Individual,1st owner,17860,50267.0,22500,1087
834,Yamaha FZ S [2012-2016],45000,2015,Individual,1st owner,24000,79432.0,40500,1957
835,Bajaj Avenger Cruise 220,75000,2016,Individual,1st owner,10950,,67500,3262
836,Honda Dio,45000,2017,Individual,1st owner,35850,,40500,1957
837,Honda Activa i [2016-2017],35000,2016,Individual,1st owner,29000,53436.0,31500,1522
838,Royal Enfield Bullet 350 [2007-2011],60000,2001,Individual,2nd owner,4000,,54000,2610
839,Yamaha FZ V 2.0,60000,2016,Individual,1st owner,45420,81508.0,54000,2610
840,Royal Enfield Classic 350,130000,2018,Individual,2nd owner,35000,,117000,5655
841,Honda CB Shine SP,42000,2017,Individual,1st owner,19800,64750.0,37800,1827
842,Bajaj V15,76000,2018,Individual,1st owner,23000,65626.0,68400,3306
843,Hero CBZ,40000,2014,Individual,1st owner,35000,,36000,1740
844,Hero Splendor Plus,65000,2018,Individual,1st owner,7500,,58500,2827
845,Bajaj Discover 100 T,20000,2013,Individual,1st owner,20000,47032.0,18000,870
846,Honda CB Hornet 160R,75000,2016,Individual,1st owner,72000,92661.0,67500,3262
847,Honda CB Hornet 160R,70000,2018,Individual,1st owner,7000,92661.0,63000,3045
848,TVS Apache RTR 160 4V,105000,2019,Individual,1st owner,6000,,94500,4567
849,Honda CB Shine SP,50000,2017,Individual,1st owner,34300,62317.0,45000,2175
850,Royal Enfield Classic 350,120000,2017,Individual,1st owner,7199,,108000,5220
851,Bajaj Pulsar 180,25000,2011,Individual,1st owner,43000,85011.0,22500,1087
852,TVS XL 100,30000,2017,Individual,1st owner,8000,30490.0,27000,1305
853,Hero Super Splendor,50000,2017,Individual,1st owner,9999,,45000,2175
854,Hero Honda CBZ extreme,25000,2007,Individual,1st owner,80000,,22500,1087
855,Bajaj Pulsar 180,50000,2014,Individual,1st owner,30000,85011.0,45000,2175
856,Bajaj Discover 150,35000,2015,Individual,1st owner,12000,54299.0,31500,1522
857,Bajaj Pulsar 180,30000,2009,Individual,1st owner,17500,85011.0,27000,1305
858,Honda Shine,37000,2016,Individual,1st owner,45000,,33300,1609
859,Honda CB Unicorn 150,42000,2013,Individual,1st owner,38000,74295.0,37800,1827
860,Royal Enfield Himalayan,119000,2016,Individual,1st owner,19800,,107100,5176
861,Kawasaki Ninja 650 [2018-2019],300000,2011,Individual,1st owner,12000,589000.0,270000,13050
862,Royal Enfield Classic 350,130000,1993,Individual,2nd owner,10000,,117000,5655
863,Hero Honda Passion Plus,22000,2008,Individual,2nd owner,85000,,19800,957
864,Hero Honda Splendor Plus,15000,2007,Individual,1st owner,70000,,13500,652
865,Benelli TNT 25,160000,2017,Individual,1st owner,2009,170994.0,144000,6960
866,Royal Enfield Thunderbird 500X,185000,2018,Individual,1st owner,1500,198605.0,166500,8047
867,Royal Enfield Continental GT [2013 - 2018],110000,2014,Individual,1st owner,12077,208902.0,99000,4785
868,KTM RC 200,150000,2017,Individual,1st owner,20000,,135000,6525
869,Royal Enfield Bullet 350 [2007-2011],150000,1995,Individual,3rd owner,20000,,135000,6525
870,Bajaj Pulsar 220F,45000,2011,Individual,1st owner,40000,,40500,1957
871,Bajaj Avenger Street 220,75000,2018,Individual,1st owner,12000,95955.0,67500,3262
872,Honda Activa 125 [2016-2017],50000,2017,Individual,1st owner,27000,61545.0,45000,2175
873,Honda Shine,30000,2013,Individual,1st owner,93000,,27000,1305
874,Bajaj Discover 150F,30000,2015,Individual,1st owner,12000,64071.0,27000,1305
875,Bajaj Pulsar 150 [2001-2011],22000,2011,Individual,1st owner,36000,,19800,957
876,Hero Karizma ZMR,75000,2015,Individual,1st owner,11000,108000.0,67500,3262
877,Honda Dream Yuga,45000,2017,Individual,1st owner,26000,56147.0,40500,1957
878,Hero Glamour 125,35000,2014,Individual,1st owner,450000,61600.0,31500,1522
879,Honda Activa [2000-2015],35000,2012,Individual,1st owner,29000,50267.0,31500,1522
880,Bajaj CT 100,25000,2017,Individual,1st owner,45000,,22500,1087
881,Honda CB Hornet 160R,70000,2017,Individual,1st owner,13000,92210.0,63000,3045
882,Hero CD Dawn,10000,2005,Individual,1st owner,48000,,9000,435
883,Royal Enfield Classic Gunmetal Grey,180000,2018,Individual,1st owner,5814,148114.0,162000,7830
884,Bajaj Discover 100,24000,2014,Individual,1st owner,31000,42859.0,21600,1044
885,Honda Shine,42000,2017,Individual,1st owner,25000,,37800,1827
886,TVS Max DLX,26000,2002,Individual,2nd owner,28000,,23400,1131
887,Honda Dio,60000,2018,Individual,1st owner,11000,,54000,2610
888,Bajaj Pulsar 180,72000,2017,Dealer,1st owner,7850,85011.0,64800,3132
889,Royal Enfield Thunderbird 350,120000,2015,Individual,1st owner,10000,,108000,5220
890,Royal Enfield Thunderbird 350,59000,2005,Individual,2nd owner,40000,,53100,2566
891,Royal Enfield Classic Chrome,185000,2015,Individual,2nd owner,5000,189313.0,166500,8047
892,Royal Enfield Classic Gunmetal Grey,140000,2018,Individual,1st owner,14000,148114.0,126000,6090
893,KTM 390 Duke,205000,2018,Individual,1st owner,7500,,184500,8917
894,Hero Pleasure [2005-2015],30000,2013,Individual,1st owner,25000,46779.0,27000,1305
895,TVS Victor,18000,2004,Individual,1st owner,46700,54852.0,16200,783
896,Bajaj Pulsar 150,35000,2011,Individual,1st owner,12000,,31500,1522
897,KTM RC 200,185000,2019,Individual,1st owner,6000,,166500,8047
898,Kawasaki Ninja 300,300000,2016,Individual,1st owner,9800,360000.0,270000,13050
899,Honda Dream Yuga,30000,2015,Individual,2nd owner,46070,56147.0,27000,1305
900,Bajaj Pulsar 150,35000,2009,Individual,1st owner,14500,,31500,1522
901,Bajaj Pulsar 150 [2001-2011],35000,2008,Individual,1st owner,70000,,31500,1522
902,Hero Honda Passion Plus,25000,2008,Dealer,2nd owner,100000,,22500,1087
903,Yamaha YZF R15 [2011-2018],80000,2013,Dealer,1st owner,30000,118997.0,72000,3480
904,Hero Honda Splendor Plus,20000,2004,Individual,2nd owner,127000,,18000,870
905,Hero Karizma ZMR,43000,2012,Individual,2nd owner,63000,108000.0,38700,1870
906,Hero Honda Splendor Plus,20000,2010,Individual,2nd owner,30000,,18000,870
907,Yo Style,20000,2011,Individual,1st owner,10000,37675.0,18000,870
908,Hero Splendor iSmart,40000,2015,Individual,1st owner,10000,52271.0,36000,1740
909,Hero Super Splendor,30000,2011,Individual,1st owner,89000,,27000,1305
910,Bajaj Discover 100,21000,2009,Individual,1st owner,50000,42859.0,18900,913
911,Yamaha Fazer [2009-2016],35000,2011,Individual,1st owner,15500,84751.0,31500,1522
912,Bajaj Discover 125,23000,2011,Individual,1st owner,66000,57549.0,20700,1000
913,Hero Super Splendor,40000,2017,Individual,2nd owner,80000,,36000,1740
914,Honda Shine,40000,2011,Individual,1st owner,8600,,36000,1740
915,Bajaj Discover 125 M,45000,2014,Individual,1st owner,40000,47186.0,40500,1957
916,Bajaj Avenger Street 150 [2018],60000,2016,Individual,1st owner,25000,80435.0,54000,2610
917,Yamaha Fazer [2009-2016],40000,2013,Individual,1st owner,34500,84751.0,36000,1740
918,Hero Passion X Pro [2016-2017],42000,2016,Individual,1st owner,15500,59095.0,37800,1827
919,Honda Activa [2000-2015],18000,2011,Individual,1st owner,28000,50267.0,16200,783
920,TVS Star City,15000,2006,Individual,1st owner,40000,46575.0,13500,652
921,Hero Honda Hunk,45000,2013,Individual,1st owner,40000,,40500,1957
922,TVS Star City,25000,2016,Individual,1st owner,50000,47108.0,22500,1087
923,Bajaj Pulsar 150,70000,2017,Individual,1st owner,24000,,63000,3045
924,Bajaj Discover 100,23000,2012,Individual,1st owner,50000,42859.0,20700,1000
925,TVS Victor,10000,2005,Individual,1st owner,55000,54852.0,9000,435
926,Hero Honda Splendor Plus,25000,2012,Individual,1st owner,70000,,22500,1087
927,Honda Aviator,25000,2012,Individual,2nd owner,12000,59183.0,22500,1087
928,Bajaj Pulsar 180,50000,2010,Individual,1st owner,70000,85011.0,45000,2175
929,Bajaj Avenger [2015],60000,2015,Individual,2nd owner,16000,75502.0,54000,2610
930,Hero CD Dawn,35000,2014,Individual,1st owner,38000,,31500,1522
931,Hero Maestro,50000,2016,Individual,1st owner,100000,49412.0,45000,2175
932,Honda CB Shine SP,50000,2016,Individual,1st owner,45000,64750.0,45000,2175
933,Hero Honda CD Deluxe,25500,2012,Individual,1st owner,28990,,22950,1109
934,Hero Honda Hunk,35000,2010,Individual,1st owner,13000,,31500,1522
935,Hero Honda CD Deluxe,20000,2005,Individual,1st owner,15000,,18000,870
936,Honda Activa 3G,40000,2016,Individual,1st owner,60000,54605.0,36000,1740
937,Bajaj Pulsar 135 LS,45000,2017,Individual,1st owner,22000,64589.0,40500,1957
938,Bajaj Pulsar 150 [2001-2011],30000,2008,Individual,1st owner,19500,,27000,1305
939,Hero Pleasure,30000,2013,Individual,1st owner,25000,49600.0,27000,1305
940,Hero Honda CBZ extreme,30000,2011,Individual,3rd owner,70000,,27000,1305
941,Bajaj Pulsar 150,40000,2014,Individual,2nd owner,65000,,36000,1740
942,Honda CB Twister,25000,2012,Individual,1st owner,86000,53857.0,22500,1087
943,Honda Livo,45000,2017,Individual,1st owner,30000,,40500,1957
944,Bajaj Pulsar AS200,65000,2015,Individual,1st owner,33000,92074.0,58500,2827
945,Honda Activa 3G,40000,2015,Individual,1st owner,36000,54605.0,36000,1740
946,Hero Honda Hunk,40000,2010,Individual,1st owner,41000,,36000,1740
947,Honda CB Hornet 160R,70000,2017,Individual,1st owner,28000,83340.0,63000,3045
948,Hero HF Deluxe,35000,2018,Individual,1st owner,15000,,31500,1522
949,Hero Splendor PRO,35000,2015,Individual,1st owner,35280,51994.0,31500,1522
950,Bajaj Boxer,15000,2004,Individual,1st owner,18000,,13500,652
951,Royal Enfield Electra 5 S,99000,2012,Individual,1st owner,28000,,89100,4306
952,Royal Enfield Electra 5 S,90000,2012,Individual,1st owner,40000,,81000,3915
953,Hero Honda Hunk,20000,2010,Individual,1st owner,17000,,18000,870
954,Hero Ignitor,36000,2016,Individual,1st owner,23000,65599.0,32400,1566
955,Bajaj Discover 100 M,32000,2014,Individual,1st owner,30000,44756.0,28800,1392
956,Honda Activa 3G,50000,2016,Individual,1st owner,6000,54605.0,45000,2175
957,Bajaj Pulsar 135 LS,50000,2015,Individual,1st owner,48000,64589.0,45000,2175
958,Bajaj Pulsar 220 DTS-i,60000,2014,Individual,1st owner,16000,,54000,2610
959,Hero Honda CBZ extreme,40000,2009,Individual,1st owner,50000,,36000,1740
960,Hero Honda CBZ extreme,35000,2012,Individual,1st owner,60000,,31500,1522
961,Royal Enfield Thunder 500,175000,2018,Individual,1st owner,3000,190000.0,157500,7612
962,UM Renegade Mojave,170000,2019,Individual,1st owner,1400,182000.0,153000,7395
963,KTM RC200,165000,2019,Individual,1st owner,4000,178000.0,148500,7177
964,Bajaj Dominar 400,145000,2019,Individual,1st owner,1200,160000.0,130500,6307
965,Royal Enfield Classic 350,135000,2019,Individual,1st owner,4100,147000.0,121500,5872
966,KTM RC390,135000,2017,Individual,1st owner,21700,237000.0,121500,5872
967,Hyosung GT250R,135000,2016,Individual,2nd owner,16500,345000.0,121500,5872
968,Royal Enfield Thunder 350,125000,2015,Individual,1st owner,15000,150000.0,112500,5437
969,Royal Enfield Thunder 350,120000,2018,Individual,1st owner,18000,150000.0,108000,5220
970,Royal Enfield Classic 350,120000,2019,Individual,1st owner,11000,147000.0,108000,5220
971,KTM RC200,120000,2018,Individual,1st owner,6000,178000.0,108000,5220
972,Royal Enfield Thunder 350,115000,2018,Individual,1st owner,8700,150000.0,103500,5002
973,KTM 390 Duke ,115000,2016,Individual,1st owner,7000,240000.0,103500,5002
974,Mahindra Mojo XT300,115000,2018,Individual,1st owner,35000,140000.0,103500,5002
975,Royal Enfield Classic 350,115000,2017,Individual,1st owner,17000,147000.0,103500,5002
976,Royal Enfield Classic 350,111000,2017,Individual,1st owner,17500,147000.0,99900,4828
977,Royal Enfield Classic 350,110000,2015,Individual,1st owner,33000,147000.0,99000,4785
978,Royal Enfield Thunder 500,110000,2017,Individual,1st owner,14000,190000.0,99000,4785
979,Royal Enfield Classic 350,110000,2017,Individual,1st owner,26000,147000.0,99000,4785
980,Royal Enfield Thunder 500,105000,2015,Individual,1st owner,5400,190000.0,94500,4567
981,Bajaj Pulsar RS200,105000,2018,Individual,1st owner,5700,126000.0,94500,4567
982,Royal Enfield Thunder 350,105000,2013,Individual,1st owner,6900,150000.0,94500,4567
983,Royal Enfield Bullet 350,105000,2018,Individual,1st owner,6000,117000.0,94500,4567
984,Royal Enfield Classic 350,100000,2015,Individual,1st owner,46500,147000.0,90000,4350
985,Royal Enfield Classic 500,95000,2014,Individual,1st owner,11500,175000.0,85500,4132
986,Royal Enfield Classic 500,90000,2011,Individual,1st owner,40000,175000.0,81000,3915
987,Bajaj Avenger 220,90000,2019,Individual,1st owner,1300,95000.0,81000,3915
988,Bajaj Avenger 150,75000,2018,Individual,1st owner,7000,80000.0,67500,3262
989,Honda CB Hornet 160R,80000,2019,Individual,1st owner,3000,87000.0,72000,3480
990,Yamaha FZ S V 2.0,78000,2019,Individual,1st owner,5000,84000.0,70200,3393
991,Honda CB Hornet 160R,75000,2019,Individual,1st owner,11000,87000.0,67500,3262
992,Yamaha FZ 16,75000,2017,Individual,1st owner,18000,82000.0,67500,3262
993,Bajaj Avenger 220,75000,2019,Individual,1st owner,3500,95000.0,67500,3262
994,Bajaj Avenger 220,72000,2018,Individual,1st owner,500,95000.0,64800,3132
995,TVS Apache RTR 160,65000,2019,Individual,1st owner,11800,81000.0,58500,2827
996,Bajaj Pulsar 150,65000,2017,Individual,1st owner,5000,74000.0,58500,2827
997,Honda CBR 150,65000,2016,Individual,1st owner,23500,120000.0,58500,2827
998,Hero Extreme,65000,2015,Individual,1st owner,16000,78700.0,58500,2827
999,Honda CB Hornet 160R,60000,2018,Individual,1st owner,15000,87000.0,54000,2610
1000,Bajaj Avenger 220 dtsi,60000,2017,Individual,1st owner,16600,95000.0,54000,2610
1001,Honda CBR 150,60000,2015,Individual,1st owner,32000,120000.0,54000,2610
1002,Bajaj Avenger 150 street,60000,2018,Individual,1st owner,20000,80000.0,54000,2610
1003,Yamaha FZ  v 2.0,60000,2017,Individual,1st owner,29000,84000.0,54000,2610
1004,Yamaha FZ  v 2.0,60000,2018,Individual,1st owner,25000,84000.0,54000,2610
1005,Bajaj Pulsar  NS 200,60000,2016,Individual,1st owner,25000,99000.0,54000,2610
1006,TVS Apache RTR 160,60000,2014,Individual,1st owner,19000,81000.0,54000,2610
1007,Hero Extreme,55000,2016,Individual,1st owner,15000,78700.0,49500,2392
1008,Yamaha FZ S V 2.0,55000,2017,Individual,1st owner,58000,84000.0,49500,2392
1009,Bajaj Pulsar 220 F,52000,2012,Individual,1st owner,45000,94000.0,46800,2262
1010,Bajaj Pulsar 220 F,51000,2018,Individual,1st owner,24000,94000.0,45900,2218
1011,TVS Apache RTR 180,50000,2013,Individual,1st owner,6000,82600.0,45000,2175
1012,Hero Passion X pro,50000,2018,Individual,1st owner,31000,55000.0,45000,2175
1013,Bajaj Pulsar NS 200,50000,2014,Individual,1st owner,13000,99000.0,45000,2175
1014,Bajaj Pulsar NS 200,50000,2015,Individual,1st owner,45000,99000.0,45000,2175
1015,Yamaha Fazer ,50000,2016,Individual,1st owner,8000,88000.0,45000,2175
1016,Honda Activa 4G,48000,2019,Individual,1st owner,4300,51000.0,43200,2088
1017,TVS Sport ,48000,2019,Individual,1st owner,15000,52000.0,43200,2088
1018,Yamaha FZ S V 2.0,48000,2017,Individual,1st owner,23000,84000.0,43200,2088
1019,Honda Dream Yuga ,48000,2019,Individual,1st owner,8600,54000.0,43200,2088
1020,Honda Activa 4G,45000,2019,Individual,1st owner,4000,51000.0,40500,1957
1021,Bajaj Avenger Street 220,45000,2013,Individual,1st owner,24000,95000.0,40500,1957
1022,TVS Apache RTR 180,45000,2016,Individual,1st owner,23000,82600.0,40500,1957
1023,Bajaj Pulsar NS 200,45000,2014,Individual,1st owner,14500,99000.0,40500,1957
1024,Bajaj Avenger 220 dtsi,45000,2012,Individual,1st owner,27000,95000.0,40500,1957
1025,Hero Splender iSmart,45000,2018,Individual,1st owner,14000,54000.0,40500,1957
1026,Activa 3g,45000,2018,Individual,1st owner,500,54000.0,40500,1957
1027,Hero Passion Pro,45000,2018,Individual,1st owner,1000,55000.0,40500,1957
1028,TVS Apache RTR 160,42000,2016,Individual,1st owner,42000,81000.0,37800,1827
1029,Honda CB Trigger,42000,2015,Individual,1st owner,12000,73000.0,37800,1827
1030,Hero Splender iSmart,40000,2017,Individual,1st owner,14000,54000.0,36000,1740
1031,Yamaha FZ S ,40000,2014,Individual,1st owner,5500,83000.0,36000,1740
1032,Hero Passion Pro,40000,2017,Individual,1st owner,6700,55000.0,36000,1740
1033,Bajaj Pulsar 135 LS,40000,2016,Individual,1st owner,13700,64000.0,36000,1740
1034,Activa 4g,40000,2019,Individual,1st owner,1300,51000.0,36000,1740
1035,Honda CB Unicorn,38000,2017,Individual,1st owner,38600,72000.0,34200,1653
1036,Hero Honda CBZ extreme,38000,2013,Individual,1st owner,75000,78700.0,34200,1653
1037,Honda Karizma,35000,2013,Individual,1st owner,30000,105000.0,31500,1522
1038,Honda Activa 125,35000,2018,Individual,1st owner,24000,57000.0,31500,1522
1039,TVS Jupyter,35000,2016,Individual,1st owner,19000,52000.0,31500,1522
1040,Honda Karizma,31000,2012,Individual,1st owner,213000,105000.0,27900,1348
1041,Hero Honda Passion Pro,30000,2014,Individual,1st owner,60000,51000.0,27000,1305
1042,Hero Splender Plus,30000,2018,Individual,1st owner,50000,48000.0,27000,1305
1043,Honda CB Shine,30000,2015,Individual,1st owner,30000,58000.0,27000,1305
1044,Bajaj Discover 100,27000,2015,Individual,1st owner,21000,47000.0,24300,1174
1045,Bajaj Pulsar 150,25000,2010,Individual,2nd owner,26000,75000.0,22500,1087
1046,Suzuki Access 125,25000,2010,Individual,1st owner,1900,58000.0,22500,1087
1047,TVS Wego,25000,2012,Individual,1st owner,22000,52000.0,22500,1087
1048,Honda CB twister,25000,2015,Individual,1st owner,32000,51000.0,22500,1087
1049,Hero Glamour,25000,2015,Individual,1st owner,18000,57000.0,22500,1087
1050,Hero Super Splendor,20000,2007,Individual,1st owner,55000,57000.0,18000,870
1051,Bajaj Pulsar 150,20000,2010,Individual,1st owner,60000,75000.0,18000,870
1052,Bajaj Discover 125,20000,2014,Individual,2nd owner,25000,57000.0,18000,870
1053,Hero Hunk,20000,2009,Individual,2nd owner,49000,75000.0,18000,870
1054,Hero  Ignitor Disc,20000,2015,Individual,2nd owner,24000,65000.0,18000,870
1055,Hero  CBZ Xtreme,20000,2010,Individual,1st owner,50000,78700.0,18000,870
1056,Bajaj  ct 100,18000,2017,Individual,1st owner,35000,32000.0,16200,783
1057,Activa 3g,17000,2010,Individual,1st owner,500000,52000.0,15300,739
1058,Honda CB twister,16000,2012,Individual,1st owner,33000,51000.0,14400,696
1059,Bajaj Discover 125,15000,2013,Individual,2nd owner,35000,57000.0,13500,652
1060,Honda CB Shine,12000,2009,Individual,1st owner,53000,58000.0,10800,522
1061,Bajaj Pulsar 150,10000,2008,Individual,1st owner,92233,75000.0,9000,435
